Datum;BundeslandID;Bevölkerung;Name;GemeldeteImpfungenLaender;GemeldeteImpfungenLaenderPro100
2021-01-10T23:59:59+01:00;1;294436;Burgenland;;
2021-01-10T23:59:59+01:00;2;561293;Kärnten;;
2021-01-10T23:59:59+01:00;3;1684287;Niederösterreich;;
2021-01-10T23:59:59+01:00;4;1490279;Oberösterreich;;
2021-01-10T23:59:59+01:00;5;558410;Salzburg;;
2021-01-10T23:59:59+01:00;6;1246395;Steiermark;;
2021-01-10T23:59:59+01:00;7;757634;Tirol;;
2021-01-10T23:59:59+01:00;8;397139;Vorarlberg;;
2021-01-10T23:59:59+01:00;9;1911191;Wien;;
2021-01-10T23:59:59+01:00;10;8901064;Österreich;;
2021-01-11T23:59:59+01:00;1;294436;Burgenland;;
2021-01-11T23:59:59+01:00;2;561293;Kärnten;;
2021-01-11T23:59:59+01:00;3;1684287;Niederösterreich;;
2021-01-11T23:59:59+01:00;4;1490279;Oberösterreich;;
2021-01-11T23:59:59+01:00;5;558410;Salzburg;;
2021-01-11T23:59:59+01:00;6;1246395;Steiermark;;
2021-01-11T23:59:59+01:00;7;757634;Tirol;;
2021-01-11T23:59:59+01:00;8;397139;Vorarlberg;;
2021-01-11T23:59:59+01:00;9;1911191;Wien;;
2021-01-11T23:59:59+01:00;10;8901064;Österreich;;
2021-01-12T23:59:59+01:00;1;294436;Burgenland;;
2021-01-12T23:59:59+01:00;2;561293;Kärnten;;
2021-01-12T23:59:59+01:00;3;1684287;Niederösterreich;;
2021-01-12T23:59:59+01:00;4;1490279;Oberösterreich;;
2021-01-12T23:59:59+01:00;5;558410;Salzburg;;
2021-01-12T23:59:59+01:00;6;1246395;Steiermark;;
2021-01-12T23:59:59+01:00;7;757634;Tirol;;
2021-01-12T23:59:59+01:00;8;397139;Vorarlberg;;
2021-01-12T23:59:59+01:00;9;1911191;Wien;;
2021-01-12T23:59:59+01:00;10;8901064;Österreich;;
2021-01-13T23:59:59+01:00;1;294436;Burgenland;496;0.17
2021-01-13T23:59:59+01:00;2;561293;Kärnten;3366;0.60
2021-01-13T23:59:59+01:00;3;1684287;Niederösterreich;1763;0.10
2021-01-13T23:59:59+01:00;4;1490279;Oberösterreich;2542;0.17
2021-01-13T23:59:59+01:00;5;558410;Salzburg;972;0.17
2021-01-13T23:59:59+01:00;6;1246395;Steiermark;530;0.04
2021-01-13T23:59:59+01:00;7;757634;Tirol;557;0.07
2021-01-13T23:59:59+01:00;8;397139;Vorarlberg;3901;0.98
2021-01-13T23:59:59+01:00;9;1911191;Wien;7132;0.37
2021-01-13T23:59:59+01:00;10;8901064;Österreich;21259;0.24
2021-01-14T23:59:59+01:00;1;294436;Burgenland;216;0.07
2021-01-14T23:59:59+01:00;2;561293;Kärnten;5060;0.90
2021-01-14T23:59:59+01:00;3;1684287;Niederösterreich;13650;0.81
2021-01-14T23:59:59+01:00;4;1490279;Oberösterreich;4768;0.32
2021-01-14T23:59:59+01:00;5;558410;Salzburg;1092;0.20
2021-01-14T23:59:59+01:00;6;1246395;Steiermark;682;0.05
2021-01-14T23:59:59+01:00;7;757634;Tirol;4086;0.54
2021-01-14T23:59:59+01:00;8;397139;Vorarlberg;8602;Feb.17
2021-01-14T23:59:59+01:00;9;1911191;Wien;8931;0.47
2021-01-14T23:59:59+01:00;10;8901064;Österreich;47087;0.53
2021-01-15T23:59:59+01:00;1;294436;Burgenland;363;0.12
2021-01-15T23:59:59+01:00;2;561293;Kärnten;6475;Jän.15
2021-01-15T23:59:59+01:00;3;1684287;Niederösterreich;14920;0.89
2021-01-15T23:59:59+01:00;4;1490279;Oberösterreich;7225;0.48
2021-01-15T23:59:59+01:00;5;558410;Salzburg;1554;0.28
2021-01-15T23:59:59+01:00;6;1246395;Steiermark;9800;0.79
2021-01-15T23:59:59+01:00;7;757634;Tirol;5867;0.77
2021-01-15T23:59:59+01:00;8;397139;Vorarlberg;8950;Feb.25
2021-01-15T23:59:59+01:00;9;1911191;Wien;12319;0.64
2021-01-15T23:59:59+01:00;10;8901064;Österreich;67473;0.76
2021-01-16T23:59:59+01:00;1;294436;Burgenland;629;0.21
2021-01-16T23:59:59+01:00;2;561293;Kärnten;6496;Jän.16
2021-01-16T23:59:59+01:00;3;1684287;Niederösterreich;15420;0.92
2021-01-16T23:59:59+01:00;4;1490279;Oberösterreich;9225;0.62
2021-01-16T23:59:59+01:00;5;558410;Salzburg;1890;0.34
2021-01-16T23:59:59+01:00;6;1246395;Steiermark;13465;01.Aug
2021-01-16T23:59:59+01:00;7;757634;Tirol;5867;0.77
2021-01-16T23:59:59+01:00;8;397139;Vorarlberg;8950;Feb.25
2021-01-16T23:59:59+01:00;9;1911191;Wien;14124;0.74
2021-01-16T23:59:59+01:00;10;8901064;Österreich;76066;0.85
2021-01-17T23:59:59+01:00;1;294436;Burgenland;689;0.23
2021-01-17T23:59:59+01:00;2;561293;Kärnten;7563;Jän.35
2021-01-17T23:59:59+01:00;3;1684287;Niederösterreich;16033;0.95
2021-01-17T23:59:59+01:00;4;1490279;Oberösterreich;9388;0.63
2021-01-17T23:59:59+01:00;5;558410;Salzburg;2094;0.37
2021-01-17T23:59:59+01:00;6;1246395;Steiermark;13815;01.Nov
2021-01-17T23:59:59+01:00;7;757634;Tirol;5867;0.77
2021-01-17T23:59:59+01:00;8;397139;Vorarlberg;10458;Feb.63
2021-01-17T23:59:59+01:00;9;1911191;Wien;16098;0.84
2021-01-17T23:59:59+01:00;10;8901064;Österreich;82005;0.92
2021-01-18T23:59:59+01:00;1;294436;Burgenland;689;0.23
2021-01-18T23:59:59+01:00;2;561293;Kärnten;8269;Jän.47
2021-01-18T23:59:59+01:00;3;1684287;Niederösterreich;16625;0.99
2021-01-18T23:59:59+01:00;4;1490279;Oberösterreich;9500;0.64
2021-01-18T23:59:59+01:00;5;558410;Salzburg;2621;0.47
2021-01-18T23:59:59+01:00;6;1246395;Steiermark;13815;01.Nov
2021-01-18T23:59:59+01:00;7;757634;Tirol;5867;0.77
2021-01-18T23:59:59+01:00;8;397139;Vorarlberg;10910;Feb.75
2021-01-18T23:59:59+01:00;9;1911191;Wien;20677;01.Aug
2021-01-18T23:59:59+01:00;10;8901064;Österreich;88973;1.00
2021-01-19T23:59:59+01:00;1;294436;Burgenland;1909;0.65
2021-01-19T23:59:59+01:00;2;561293;Kärnten;8315;Jän.48
2021-01-19T23:59:59+01:00;3;1684287;Niederösterreich;17270;01.Mär
2021-01-19T23:59:59+01:00;4;1490279;Oberösterreich;10288;0.69
2021-01-19T23:59:59+01:00;5;558410;Salzburg;3593;0.64
2021-01-19T23:59:59+01:00;6;1246395;Steiermark;14510;Jän.16
2021-01-19T23:59:59+01:00;7;757634;Tirol;5867;0.77
2021-01-19T23:59:59+01:00;8;397139;Vorarlberg;11321;Feb.85
2021-01-19T23:59:59+01:00;9;1911191;Wien;24316;Jän.27
2021-01-19T23:59:59+01:00;10;8901064;Österreich;97389;01.Sep
2021-01-20T23:59:59+01:00;1;294436;Burgenland;3507;Jän.19
2021-01-20T23:59:59+01:00;2;561293;Kärnten;8997;Jän.60
2021-01-20T23:59:59+01:00;3;1684287;Niederösterreich;29706;Jän.76
2021-01-20T23:59:59+01:00;4;1490279;Oberösterreich;15242;01.Feb
2021-01-20T23:59:59+01:00;5;558410;Salzburg;4612;0.83
2021-01-20T23:59:59+01:00;6;1246395;Steiermark;19015;Jän.53
2021-01-20T23:59:59+01:00;7;757634;Tirol;5867;0.77
2021-01-20T23:59:59+01:00;8;397139;Vorarlberg;11695;Feb.94
2021-01-20T23:59:59+01:00;9;1911191;Wien;28713;Jän.50
2021-01-20T23:59:59+01:00;10;8901064;Österreich;127354;Jän.43
2021-01-21T23:59:59+01:00;1;294436;Burgenland;3987;Jän.35
2021-01-21T23:59:59+01:00;2;561293;Kärnten;9850;Jän.75
2021-01-21T23:59:59+01:00;3;1684287;Niederösterreich;29706;Jän.76
2021-01-21T23:59:59+01:00;4;1490279;Oberösterreich;19629;Jän.32
2021-01-21T23:59:59+01:00;5;558410;Salzburg;5728;01.Mär
2021-01-21T23:59:59+01:00;6;1246395;Steiermark;27138;Feb.18
2021-01-21T23:59:59+01:00;7;757634;Tirol;12004;Jän.58
2021-01-21T23:59:59+01:00;8;397139;Vorarlberg;12148;03.Jun
2021-01-21T23:59:59+01:00;9;1911191;Wien;32653;Jän.71
2021-01-21T23:59:59+01:00;10;8901064;Österreich;152843;Jän.72
2021-01-22T23:59:59+01:00;1;294436;Burgenland;4592;Jän.56
2021-01-22T23:59:59+01:00;2;561293;Kärnten;10687;Jän.90
2021-01-22T23:59:59+01:00;3;1684287;Niederösterreich;26706;Jän.59
2021-01-22T23:59:59+01:00;4;1490279;Oberösterreich;24140;Jän.62
2021-01-22T23:59:59+01:00;5;558410;Salzburg;6104;01.Sep
2021-01-22T23:59:59+01:00;6;1246395;Steiermark;29682;Feb.38
2021-01-22T23:59:59+01:00;7;757634;Tirol;13349;Jän.76
2021-01-22T23:59:59+01:00;8;397139;Vorarlberg;12148;03.Jun
2021-01-22T23:59:59+01:00;9;1911191;Wien;36284;Jän.90
2021-01-22T23:59:59+01:00;10;8901064;Österreich;163692;Jän.84
2021-01-23T23:59:59+01:00;1;294436;Burgenland;4725;Jän.60
2021-01-23T23:59:59+01:00;2;561293;Kärnten;10687;Jän.90
2021-01-23T23:59:59+01:00;3;1684287;Niederösterreich;26706;Jän.59
2021-01-23T23:59:59+01:00;4;1490279;Oberösterreich;26854;Jän.80
2021-01-23T23:59:59+01:00;5;558410;Salzburg;6316;Jän.13
2021-01-23T23:59:59+01:00;6;1246395;Steiermark;31158;Feb.50
2021-01-23T23:59:59+01:00;7;757634;Tirol;13349;Jän.76
2021-01-23T23:59:59+01:00;8;397139;Vorarlberg;12404;03.Dez
2021-01-23T23:59:59+01:00;9;1911191;Wien;36501;Jän.91
2021-01-23T23:59:59+01:00;10;8901064;Österreich;168700;Jän.90
2021-01-24T23:59:59+01:00;1;294436;Burgenland;5192;Jän.76
2021-01-24T23:59:59+01:00;2;561293;Kärnten;12014;Feb.14
2021-01-24T23:59:59+01:00;3;1684287;Niederösterreich;26890;Jän.60
2021-01-24T23:59:59+01:00;4;1490279;Oberösterreich;27466;Jän.84
2021-01-24T23:59:59+01:00;5;558410;Salzburg;6316;Jän.13
2021-01-24T23:59:59+01:00;6;1246395;Steiermark;31212;Feb.50
2021-01-24T23:59:59+01:00;7;757634;Tirol;13349;Jän.76
2021-01-24T23:59:59+01:00;8;397139;Vorarlberg;12474;Mär.14
2021-01-24T23:59:59+01:00;9;1911191;Wien;36503;Jän.91
2021-01-24T23:59:59+01:00;10;8901064;Österreich;171416;Jän.93
2021-01-25T23:59:59+01:00;1;294436;Burgenland;5210;Jän.77
2021-01-25T23:59:59+01:00;2;561293;Kärnten;12622;Feb.25
2021-01-25T23:59:59+01:00;3;1684287;Niederösterreich;29754;Jän.77
2021-01-25T23:59:59+01:00;4;1490279;Oberösterreich;27949;Jän.88
2021-01-25T23:59:59+01:00;5;558410;Salzburg;6670;Jän.19
2021-01-25T23:59:59+01:00;6;1246395;Steiermark;31212;Feb.50
2021-01-25T23:59:59+01:00;7;757634;Tirol;13647;Jän.80
2021-01-25T23:59:59+01:00;8;397139;Vorarlberg;12474;Mär.14
2021-01-25T23:59:59+01:00;9;1911191;Wien;37641;Jän.97
2021-01-25T23:59:59+01:00;10;8901064;Österreich;177179;Jän.99
2021-01-26T23:59:59+01:00;1;294436;Burgenland;5210;Jän.77
2021-01-26T23:59:59+01:00;2;561293;Kärnten;12626;Feb.25
2021-01-26T23:59:59+01:00;3;1684287;Niederösterreich;30810;Jän.83
2021-01-26T23:59:59+01:00;4;1490279;Oberösterreich;35383;Feb.37
2021-01-26T23:59:59+01:00;5;558410;Salzburg;6802;Jän.22
2021-01-26T23:59:59+01:00;6;1246395;Steiermark;31212;Feb.50
2021-01-26T23:59:59+01:00;7;757634;Tirol;13715;Jän.81
2021-01-26T23:59:59+01:00;8;397139;Vorarlberg;12474;Mär.14
2021-01-26T23:59:59+01:00;9;1911191;Wien;39374;02.Jun
2021-01-26T23:59:59+01:00;10;8901064;Österreich;187606;02.Nov
2021-01-27T23:59:59+01:00;1;294436;Burgenland;5278;Jän.79
2021-01-27T23:59:59+01:00;2;561293;Kärnten;12993;Feb.31
2021-01-27T23:59:59+01:00;3;1684287;Niederösterreich;31404;Jän.86
2021-01-27T23:59:59+01:00;4;1490279;Oberösterreich;30826;02.Jul
2021-01-27T23:59:59+01:00;5;558410;Salzburg;7100;Jän.27
2021-01-27T23:59:59+01:00;6;1246395;Steiermark;33972;Feb.73
2021-01-27T23:59:59+01:00;7;757634;Tirol;14226;Jän.88
2021-01-27T23:59:59+01:00;8;397139;Vorarlberg;12665;Mär.19
2021-01-27T23:59:59+01:00;9;1911191;Wien;43285;Feb.26
2021-01-27T23:59:59+01:00;10;8901064;Österreich;191749;Feb.15
2021-01-28T23:59:59+01:00;1;294436;Burgenland;5492;Jän.87
2021-01-28T23:59:59+01:00;2;561293;Kärnten;13250;Feb.36
2021-01-28T23:59:59+01:00;3;1684287;Niederösterreich;31938;Jän.90
2021-01-28T23:59:59+01:00;4;1490279;Oberösterreich;33186;Feb.23
2021-01-28T23:59:59+01:00;5;558410;Salzburg;7988;Jän.43
2021-01-28T23:59:59+01:00;6;1246395;Steiermark;34116;Feb.74
2021-01-28T23:59:59+01:00;7;757634;Tirol;14226;Jän.88
2021-01-28T23:59:59+01:00;8;397139;Vorarlberg;12665;Mär.19
2021-01-28T23:59:59+01:00;9;1911191;Wien;45230;Feb.37
2021-01-28T23:59:59+01:00;10;8901064;Österreich;198091;Feb.23
2021-01-29T23:59:59+01:00;1;294436;Burgenland;5805;Jän.97
2021-01-29T23:59:59+01:00;2;561293;Kärnten;13555;Feb.41
2021-01-29T23:59:59+01:00;3;1684287;Niederösterreich;34122;02.Mär
2021-01-29T23:59:59+01:00;4;1490279;Oberösterreich;36481;Feb.45
2021-01-29T23:59:59+01:00;5;558410;Salzburg;8885;Jän.59
2021-01-29T23:59:59+01:00;6;1246395;Steiermark;34596;Feb.78
2021-01-29T23:59:59+01:00;7;757634;Tirol;15000;Jän.98
2021-01-29T23:59:59+01:00;8;397139;Vorarlberg;12665;Mär.19
2021-01-29T23:59:59+01:00;9;1911191;Wien;47769;Feb.50
2021-01-29T23:59:59+01:00;10;8901064;Österreich;208878;Feb.35
2021-01-30T23:59:59+01:00;1;294436;Burgenland;6083;02.Jul
2021-01-30T23:59:59+01:00;2;561293;Kärnten;13555;Feb.41
2021-01-30T23:59:59+01:00;3;1684287;Niederösterreich;36060;Feb.14
2021-01-30T23:59:59+01:00;4;1490279;Oberösterreich;43661;Feb.93
2021-01-30T23:59:59+01:00;5;558410;Salzburg;9005;Jän.61
2021-01-30T23:59:59+01:00;6;1246395;Steiermark;36780;Feb.95
2021-01-30T23:59:59+01:00;7;757634;Tirol;15000;Jän.98
2021-01-30T23:59:59+01:00;8;397139;Vorarlberg;12677;Mär.19
2021-01-30T23:59:59+01:00;9;1911191;Wien;47826;Feb.50
2021-01-30T23:59:59+01:00;10;8901064;Österreich;220647;Feb.48
2021-01-31T23:59:59+01:00;1;294436;Burgenland;6152;02.Sep
2021-01-31T23:59:59+01:00;2;561293;Kärnten;14966;Feb.67
2021-01-31T23:59:59+01:00;3;1684287;Niederösterreich;37074;Feb.20
2021-01-31T23:59:59+01:00;4;1490279;Oberösterreich;44854;03.Jän
2021-01-31T23:59:59+01:00;5;558410;Salzburg;9079;Jän.63
2021-01-31T23:59:59+01:00;6;1246395;Steiermark;37134;Feb.98
2021-01-31T23:59:59+01:00;7;757634;Tirol;15000;Jän.98
2021-01-31T23:59:59+01:00;8;397139;Vorarlberg;12677;Mär.19
2021-01-31T23:59:59+01:00;9;1911191;Wien;47856;Feb.50
2021-01-31T23:59:59+01:00;10;8901064;Österreich;224792;Feb.53
2021-02-01T23:59:59+01:00;1;294436;Burgenland;6152;02.Sep
2021-02-01T23:59:59+01:00;2;561293;Kärnten;14971;Feb.67
2021-02-01T23:59:59+01:00;3;1684287;Niederösterreich;37074;Feb.20
2021-02-01T23:59:59+01:00;4;1490279;Oberösterreich;45118;03.Mär
2021-02-01T23:59:59+01:00;5;558410;Salzburg;10068;Jän.80
2021-02-01T23:59:59+01:00;6;1246395;Steiermark;37134;Feb.98
2021-02-01T23:59:59+01:00;7;757634;Tirol;15698;02.Jul
2021-02-01T23:59:59+01:00;8;397139;Vorarlberg;12677;Mär.19
2021-02-01T23:59:59+01:00;9;1911191;Wien;48910;Feb.56
2021-02-01T23:59:59+01:00;10;8901064;Österreich;227802;Feb.56
2021-02-02T23:59:59+01:00;1;294436;Burgenland;6092;02.Jul
2021-02-02T23:59:59+01:00;2;561293;Kärnten;15028;Feb.68
2021-02-02T23:59:59+01:00;3;1684287;Niederösterreich;46458;Feb.76
2021-02-02T23:59:59+01:00;4;1490279;Oberösterreich;45191;03.Mär
2021-02-02T23:59:59+01:00;5;558410;Salzburg;11022;Jän.97
2021-02-02T23:59:59+01:00;6;1246395;Steiermark;37692;03.Feb
2021-02-02T23:59:59+01:00;7;757634;Tirol;16201;Feb.14
2021-02-02T23:59:59+01:00;8;397139;Vorarlberg;12677;Mär.19
2021-02-02T23:59:59+01:00;9;1911191;Wien;50897;Feb.66
2021-02-02T23:59:59+01:00;10;8901064;Österreich;241258;Feb.71
2021-02-03T23:59:59+01:00;1;294436;Burgenland;6092;02.Jul
2021-02-03T23:59:59+01:00;2;561293;Kärnten;17487;03.Dez
2021-02-03T23:59:59+01:00;3;1684287;Niederösterreich;48456;Feb.88
2021-02-03T23:59:59+01:00;4;1490279;Oberösterreich;45192;03.Mär
2021-02-03T23:59:59+01:00;5;558410;Salzburg;12125;Feb.17
2021-02-03T23:59:59+01:00;6;1246395;Steiermark;40974;Mär.29
2021-02-03T23:59:59+01:00;7;757634;Tirol;17148;Feb.26
2021-02-03T23:59:59+01:00;8;397139;Vorarlberg;12677;Mär.19
2021-02-03T23:59:59+01:00;9;1911191;Wien;52556;Feb.75
2021-02-03T23:59:59+01:00;10;8901064;Österreich;252707;Feb.84
2021-02-04T23:59:59+01:00;1;294436;Burgenland;6097;02.Jul
2021-02-04T23:59:59+01:00;2;561293;Kärnten;19553;Mär.48
2021-02-04T23:59:59+01:00;3;1684287;Niederösterreich;50760;03.Jän
2021-02-04T23:59:59+01:00;4;1490279;Oberösterreich;45210;03.Mär
2021-02-04T23:59:59+01:00;5;558410;Salzburg;13248;Feb.37
2021-02-04T23:59:59+01:00;6;1246395;Steiermark;40974;Mär.29
2021-02-04T23:59:59+01:00;7;757634;Tirol;19185;Feb.53
2021-02-04T23:59:59+01:00;8;397139;Vorarlberg;12677;Mär.19
2021-02-04T23:59:59+01:00;9;1911191;Wien;54375;Feb.85
2021-02-04T23:59:59+01:00;10;8901064;Österreich;262079;Feb.94
2021-02-05T23:59:59+01:00;1;294436;Burgenland;6111;02.Aug
2021-02-05T23:59:59+01:00;2;561293;Kärnten;21100;Mär.76
2021-02-05T23:59:59+01:00;3;1684287;Niederösterreich;52296;03.Okt
2021-02-05T23:59:59+01:00;4;1490279;Oberösterreich;45516;03.Mai
2021-02-05T23:59:59+01:00;5;558410;Salzburg;14716;Feb.64
2021-02-05T23:59:59+01:00;6;1246395;Steiermark;46134;Mär.70
2021-02-05T23:59:59+01:00;7;757634;Tirol;20692;Feb.73
2021-02-05T23:59:59+01:00;8;397139;Vorarlberg;12807;Mär.22
2021-02-05T23:59:59+01:00;9;1911191;Wien;58059;03.Apr
2021-02-05T23:59:59+01:00;10;8901064;Österreich;277431;03.Dez
2021-02-06T23:59:59+01:00;1;294436;Burgenland;6147;02.Sep
2021-02-06T23:59:59+01:00;2;561293;Kärnten;21616;Mär.85
2021-02-06T23:59:59+01:00;3;1684287;Niederösterreich;53322;Mär.17
2021-02-06T23:59:59+01:00;4;1490279;Oberösterreich;46205;03.Okt
2021-02-06T23:59:59+01:00;5;558410;Salzburg;14776;Feb.65
2021-02-06T23:59:59+01:00;6;1246395;Steiermark;48984;Mär.93
2021-02-06T23:59:59+01:00;7;757634;Tirol;20692;Feb.73
2021-02-06T23:59:59+01:00;8;397139;Vorarlberg;12807;Mär.22
2021-02-06T23:59:59+01:00;9;1911191;Wien;60029;Mär.14
2021-02-06T23:59:59+01:00;10;8901064;Österreich;284578;Mär.20
2021-02-07T23:59:59+01:00;1;294436;Burgenland;6148;02.Sep
2021-02-07T23:59:59+01:00;2;561293;Kärnten;22833;04.Jul
2021-02-07T23:59:59+01:00;3;1684287;Niederösterreich;54066;Mär.21
2021-02-07T23:59:59+01:00;4;1490279;Oberösterreich;46267;03.Okt
2021-02-07T23:59:59+01:00;5;558410;Salzburg;14996;Feb.69
2021-02-07T23:59:59+01:00;6;1246395;Steiermark;48984;Mär.93
2021-02-07T23:59:59+01:00;7;757634;Tirol;20692;Feb.73
2021-02-07T23:59:59+01:00;8;397139;Vorarlberg;13691;Mär.45
2021-02-07T23:59:59+01:00;9;1911191;Wien;62277;Mär.26
2021-02-07T23:59:59+01:00;10;8901064;Österreich;289954;Mär.26
2021-02-08T23:59:59+01:00;1;294436;Burgenland;6148;02.Sep
2021-02-08T23:59:59+01:00;2;561293;Kärnten;23564;Apr.20
2021-02-08T23:59:59+01:00;3;1684287;Niederösterreich;54066;Mär.21
2021-02-08T23:59:59+01:00;4;1490279;Oberösterreich;46267;03.Okt
2021-02-08T23:59:59+01:00;5;558410;Salzburg;15856;Feb.84
2021-02-08T23:59:59+01:00;6;1246395;Steiermark;49254;Mär.95
2021-02-08T23:59:59+01:00;7;757634;Tirol;22655;Feb.99
2021-02-08T23:59:59+01:00;8;397139;Vorarlberg;13691;Mär.45
2021-02-08T23:59:59+01:00;9;1911191;Wien;66694;Mär.49
2021-02-08T23:59:59+01:00;10;8901064;Österreich;298195;Mär.35
2021-02-09T23:59:59+01:00;1;294436;Burgenland;6169;02.Okt
2021-02-09T23:59:59+01:00;2;561293;Kärnten;24471;Apr.36
2021-02-09T23:59:59+01:00;3;1684287;Niederösterreich;61104;Mär.63
2021-02-09T23:59:59+01:00;4;1490279;Oberösterreich;46267;03.Okt
2021-02-09T23:59:59+01:00;5;558410;Salzburg;17184;03.Aug
2021-02-09T23:59:59+01:00;6;1246395;Steiermark;49254;Mär.95
2021-02-09T23:59:59+01:00;7;757634;Tirol;23729;Mär.13
2021-02-09T23:59:59+01:00;8;397139;Vorarlberg;13962;Mär.52
2021-02-09T23:59:59+01:00;9;1911191;Wien;69081;Mär.61
2021-02-09T23:59:59+01:00;10;8901064;Österreich;311221;Mär.50
2021-02-10T23:59:59+01:00;1;294436;Burgenland;6170;02.Okt
2021-02-10T23:59:59+01:00;2;561293;Kärnten;25819;Apr.60
2021-02-10T23:59:59+01:00;3;1684287;Niederösterreich;64584;Mär.83
2021-02-10T23:59:59+01:00;4;1490279;Oberösterreich;46488;03.Dez
2021-02-10T23:59:59+01:00;5;558410;Salzburg;18499;Mär.31
2021-02-10T23:59:59+01:00;6;1246395;Steiermark;55812;Apr.48
2021-02-10T23:59:59+01:00;7;757634;Tirol;25113;Mär.31
2021-02-10T23:59:59+01:00;8;397139;Vorarlberg;13962;Mär.52
2021-02-10T23:59:59+01:00;9;1911191;Wien;73434;Mär.84
2021-02-10T23:59:59+01:00;10;8901064;Österreich;329881;Mär.71
2021-02-11T23:59:59+01:00;1;294436;Burgenland;6188;02.Okt
2021-02-11T23:59:59+01:00;2;561293;Kärnten;25819;Apr.60
2021-02-11T23:59:59+01:00;3;1684287;Niederösterreich;67080;Mär.98
2021-02-11T23:59:59+01:00;4;1490279;Oberösterreich;46507;03.Dez
2021-02-11T23:59:59+01:00;5;558410;Salzburg;19585;Mär.51
2021-02-11T23:59:59+01:00;6;1246395;Steiermark;58682;Apr.71
2021-02-11T23:59:59+01:00;7;757634;Tirol;26488;Mär.50
2021-02-11T23:59:59+01:00;8;397139;Vorarlberg;13997;Mär.52
2021-02-11T23:59:59+01:00;9;1911191;Wien;78723;04.Dez
2021-02-11T23:59:59+01:00;10;8901064;Österreich;343069;Mär.85
2021-02-12T23:59:59+01:00;1;294436;Burgenland;6201;02.Nov
2021-02-12T23:59:59+01:00;2;561293;Kärnten;27940;Apr.98
2021-02-12T23:59:59+01:00;3;1684287;Niederösterreich;68184;04.Mai
2021-02-12T23:59:59+01:00;4;1490279;Oberösterreich;46877;Mär.15
2021-02-12T23:59:59+01:00;5;558410;Salzburg;24119;Apr.32
2021-02-12T23:59:59+01:00;6;1246395;Steiermark;66636;Mai.35
2021-02-12T23:59:59+01:00;7;757634;Tirol;27752;Mär.66
2021-02-12T23:59:59+01:00;8;397139;Vorarlberg;14019;Mär.53
2021-02-12T23:59:59+01:00;9;1911191;Wien;83686;Apr.38
2021-02-12T23:59:59+01:00;10;8901064;Österreich;365414;04.Nov
2021-02-13T23:59:59+01:00;1;294436;Burgenland;6215;02.Nov
2021-02-13T23:59:59+01:00;2;561293;Kärnten;27940;Apr.98
2021-02-13T23:59:59+01:00;3;1684287;Niederösterreich;69216;04.Nov
2021-02-13T23:59:59+01:00;4;1490279;Oberösterreich;47341;Mär.18
2021-02-13T23:59:59+01:00;5;558410;Salzburg;24119;Apr.32
2021-02-13T23:59:59+01:00;6;1246395;Steiermark;67626;Mai.43
2021-02-13T23:59:59+01:00;7;757634;Tirol;27752;Mär.66
2021-02-13T23:59:59+01:00;8;397139;Vorarlberg;14255;Mär.59
2021-02-13T23:59:59+01:00;9;1911191;Wien;84302;Apr.41
2021-02-13T23:59:59+01:00;10;8901064;Österreich;368766;Apr.14
2021-02-14T23:59:59+01:00;1;294436;Burgenland;6215;02.Nov
2021-02-14T23:59:59+01:00;2;561293;Kärnten;29725;Mai.30
2021-02-14T23:59:59+01:00;3;1684287;Niederösterreich;69648;Apr.14
2021-02-14T23:59:59+01:00;4;1490279;Oberösterreich;49863;Mär.35
2021-02-14T23:59:59+01:00;5;558410;Salzburg;24119;Apr.32
2021-02-14T23:59:59+01:00;6;1246395;Steiermark;67926;Mai.45
2021-02-14T23:59:59+01:00;7;757634;Tirol;27752;Mär.66
2021-02-14T23:59:59+01:00;8;397139;Vorarlberg;14368;Mär.62
2021-02-14T23:59:59+01:00;9;1911191;Wien;84418;Apr.42
2021-02-14T23:59:59+01:00;10;8901064;Österreich;374034;Apr.20
2021-02-15T23:59:59+01:00;1;294436;Burgenland;13574;Apr.61
2021-02-15T23:59:59+01:00;2;561293;Kärnten;30855;Mai.50
2021-02-15T23:59:59+01:00;3;1684287;Niederösterreich;82676;Apr.91
2021-02-15T23:59:59+01:00;4;1490279;Oberösterreich;76819;Mai.15
2021-02-15T23:59:59+01:00;5;558410;Salzburg;21821;Mär.91
2021-02-15T23:59:59+01:00;6;1246395;Steiermark;40324;Mär.24
2021-02-15T23:59:59+01:00;7;757634;Tirol;26411;Mär.49
2021-02-15T23:59:59+01:00;8;397139;Vorarlberg;20014;05.Apr
2021-02-15T23:59:59+01:00;9;1911191;Wien;86536;Apr.53
2021-02-15T23:59:59+01:00;10;8901064;Österreich;402986;Apr.53
2021-02-16T23:59:59+01:00;1;294436;Burgenland;14044;Apr.77
2021-02-16T23:59:59+01:00;2;561293;Kärnten;32057;Mai.71
2021-02-16T23:59:59+01:00;3;1684287;Niederösterreich;85654;05.Sep
2021-02-16T23:59:59+01:00;4;1490279;Oberösterreich;79340;Mai.32
2021-02-16T23:59:59+01:00;5;558410;Salzburg;22919;04.Okt
2021-02-16T23:59:59+01:00;6;1246395;Steiermark;42471;Mär.41
2021-02-16T23:59:59+01:00;7;757634;Tirol;27782;Mär.67
2021-02-16T23:59:59+01:00;8;397139;Vorarlberg;20326;05.Dez
2021-02-16T23:59:59+01:00;9;1911191;Wien;89355;Apr.68
2021-02-16T23:59:59+01:00;10;8901064;Österreich;418055;Apr.70
2021-02-17T23:59:59+01:00;1;294436;Burgenland;14565;Apr.95
2021-02-17T23:59:59+01:00;2;561293;Kärnten;33680;6.00
2021-02-17T23:59:59+01:00;3;1684287;Niederösterreich;91189;Mai.41
2021-02-17T23:59:59+01:00;4;1490279;Oberösterreich;82500;Mai.54
2021-02-17T23:59:59+01:00;5;558410;Salzburg;23552;Apr.22
2021-02-17T23:59:59+01:00;6;1246395;Steiermark;44270;Mär.55
2021-02-17T23:59:59+01:00;7;757634;Tirol;29623;Mär.91
2021-02-17T23:59:59+01:00;8;397139;Vorarlberg;21008;Mai.29
2021-02-17T23:59:59+01:00;9;1911191;Wien;100154;Mai.24
2021-02-17T23:59:59+01:00;10;8901064;Österreich;444836;5.00
2021-02-18T23:59:59+01:00;1;294436;Burgenland;15941;Mai.41
2021-02-18T23:59:59+01:00;2;561293;Kärnten;34563;Jun.16
2021-02-18T23:59:59+01:00;3;1684287;Niederösterreich;95388;Mai.66
2021-02-18T23:59:59+01:00;4;1490279;Oberösterreich;86273;Mai.79
2021-02-18T23:59:59+01:00;5;558410;Salzburg;24648;Apr.41
2021-02-18T23:59:59+01:00;6;1246395;Steiermark;46489;Mär.73
2021-02-18T23:59:59+01:00;7;757634;Tirol;31866;Apr.21
2021-02-18T23:59:59+01:00;8;397139;Vorarlberg;21423;Mai.39
2021-02-18T23:59:59+01:00;9;1911191;Wien;104979;Mai.49
2021-02-18T23:59:59+01:00;10;8901064;Österreich;466029;Mai.24
2021-02-19T23:59:59+01:00;1;294436;Burgenland;16474;Mai.60
2021-02-19T23:59:59+01:00;2;561293;Kärnten;35677;Jun.36
2021-02-19T23:59:59+01:00;3;1684287;Niederösterreich;98780;Mai.86
2021-02-19T23:59:59+01:00;4;1490279;Oberösterreich;90785;06.Sep
2021-02-19T23:59:59+01:00;5;558410;Salzburg;26477;Apr.74
2021-02-19T23:59:59+01:00;6;1246395;Steiermark;48659;Mär.90
2021-02-19T23:59:59+01:00;7;757634;Tirol;33105;Apr.37
2021-02-19T23:59:59+01:00;8;397139;Vorarlberg;23486;Mai.91
2021-02-19T23:59:59+01:00;9;1911191;Wien;108778;Mai.69
2021-02-19T23:59:59+01:00;10;8901064;Österreich;486888;Mai.47
2021-02-20T23:59:59+01:00;1;294436;Burgenland;17565;Mai.97
2021-02-20T23:59:59+01:00;2;561293;Kärnten;38819;Jun.92
2021-02-20T23:59:59+01:00;3;1684287;Niederösterreich;99747;Mai.92
2021-02-20T23:59:59+01:00;4;1490279;Oberösterreich;91950;Jun.17
2021-02-20T23:59:59+01:00;5;558410;Salzburg;27124;Apr.86
2021-02-20T23:59:59+01:00;6;1246395;Steiermark;49392;Mär.96
2021-02-20T23:59:59+01:00;7;757634;Tirol;34588;Apr.57
2021-02-20T23:59:59+01:00;8;397139;Vorarlberg;25124;Jun.33
2021-02-20T23:59:59+01:00;9;1911191;Wien;109429;Mai.73
2021-02-20T23:59:59+01:00;10;8901064;Österreich;498476;Mai.60
2021-02-21T23:59:59+01:00;1;294436;Burgenland;17675;6.00
2021-02-21T23:59:59+01:00;2;561293;Kärnten;41726;Jul.43
2021-02-21T23:59:59+01:00;3;1684287;Niederösterreich;100825;Mai.99
2021-02-21T23:59:59+01:00;4;1490279;Oberösterreich;92403;Jun.20
2021-02-21T23:59:59+01:00;5;558410;Salzburg;27435;Apr.91
2021-02-21T23:59:59+01:00;6;1246395;Steiermark;49940;04.Jän
2021-02-21T23:59:59+01:00;7;757634;Tirol;34800;Apr.59
2021-02-21T23:59:59+01:00;8;397139;Vorarlberg;26908;Jun.78
2021-02-21T23:59:59+01:00;9;1911191;Wien;111562;Mai.84
2021-02-21T23:59:59+01:00;10;8901064;Österreich;508066;Mai.71
2021-02-22T23:59:59+01:00;1;294436;Burgenland;17828;06.Mai
2021-02-22T23:59:59+01:00;2;561293;Kärnten;42023;Jul.49
2021-02-22T23:59:59+01:00;3;1684287;Niederösterreich;103122;06.Dez
2021-02-22T23:59:59+01:00;4;1490279;Oberösterreich;94352;Jun.33
2021-02-22T23:59:59+01:00;5;558410;Salzburg;28585;05.Dez
2021-02-22T23:59:59+01:00;6;1246395;Steiermark;51958;Apr.17
2021-02-22T23:59:59+01:00;7;757634;Tirol;36567;Apr.83
2021-02-22T23:59:59+01:00;8;397139;Vorarlberg;26967;Jun.79
2021-02-22T23:59:59+01:00;9;1911191;Wien;113070;Mai.92
2021-02-22T23:59:59+01:00;10;8901064;Österreich;519338;Mai.83
2021-02-23T23:59:59+01:00;1;294436;Burgenland;18085;Jun.14
2021-02-23T23:59:59+01:00;2;561293;Kärnten;42813;Jul.63
2021-02-23T23:59:59+01:00;3;1684287;Niederösterreich;107155;Jun.36
2021-02-23T23:59:59+01:00;4;1490279;Oberösterreich;97551;Jun.55
2021-02-23T23:59:59+01:00;5;558410;Salzburg;30158;Mai.40
2021-02-23T23:59:59+01:00;6;1246395;Steiermark;54359;Apr.36
2021-02-23T23:59:59+01:00;7;757634;Tirol;39278;Mai.18
2021-02-23T23:59:59+01:00;8;397139;Vorarlberg;26999;Jun.80
2021-02-23T23:59:59+01:00;9;1911191;Wien;114466;Mai.99
2021-02-23T23:59:59+01:00;10;8901064;Österreich;535870;06.Feb
2021-02-24T23:59:59+01:00;1;294436;Burgenland;19242;Jun.54
2021-02-24T23:59:59+01:00;2;561293;Kärnten;44245;Jul.88
2021-02-24T23:59:59+01:00;3;1684287;Niederösterreich;112431;Jun.68
2021-02-24T23:59:59+01:00;4;1490279;Oberösterreich;100358;Jun.73
2021-02-24T23:59:59+01:00;5;558410;Salzburg;31292;Mai.60
2021-02-24T23:59:59+01:00;6;1246395;Steiermark;56743;Apr.55
2021-02-24T23:59:59+01:00;7;757634;Tirol;41591;Mai.49
2021-02-24T23:59:59+01:00;8;397139;Vorarlberg;27151;Jun.84
2021-02-24T23:59:59+01:00;9;1911191;Wien;118314;Jun.19
2021-02-24T23:59:59+01:00;10;8901064;Österreich;556506;Jun.25
2021-02-25T23:59:59+01:00;1;294436;Burgenland;20477;Jun.95
2021-02-25T23:59:59+01:00;2;561293;Kärnten;45750;Aug.15
2021-02-25T23:59:59+01:00;3;1684287;Niederösterreich;117278;Jun.96
2021-02-25T23:59:59+01:00;4;1490279;Oberösterreich;104572;07.Feb
2021-02-25T23:59:59+01:00;5;558410;Salzburg;33586;06.Jän
2021-02-25T23:59:59+01:00;6;1246395;Steiermark;63460;05.Sep
2021-02-25T23:59:59+01:00;7;757634;Tirol;43828;Mai.78
2021-02-25T23:59:59+01:00;8;397139;Vorarlberg;27168;Jun.84
2021-02-25T23:59:59+01:00;9;1911191;Wien;120724;Jun.32
2021-02-25T23:59:59+01:00;10;8901064;Österreich;582135;Jun.54
2021-02-26T23:59:59+01:00;1;294436;Burgenland;21177;Jul.19
2021-02-26T23:59:59+01:00;2;561293;Kärnten;46590;Aug.30
2021-02-26T23:59:59+01:00;3;1684287;Niederösterreich;122588;Jul.28
2021-02-26T23:59:59+01:00;4;1490279;Oberösterreich;112174;Jul.53
2021-02-26T23:59:59+01:00;5;558410;Salzburg;35237;Jun.31
2021-02-26T23:59:59+01:00;6;1246395;Steiermark;74809;6.00
2021-02-26T23:59:59+01:00;7;757634;Tirol;45654;06.Mär
2021-02-26T23:59:59+01:00;8;397139;Vorarlberg;32144;08.Sep
2021-02-26T23:59:59+01:00;9;1911191;Wien;125039;Jun.54
2021-02-26T23:59:59+01:00;10;8901064;Österreich;620919;Jun.98
2021-02-27T23:59:59+01:00;1;294436;Burgenland;22817;Jul.75
2021-02-27T23:59:59+01:00;2;561293;Kärnten;49785;Aug.87
2021-02-27T23:59:59+01:00;3;1684287;Niederösterreich;126029;Jul.48
2021-02-27T23:59:59+01:00;4;1490279;Oberösterreich;115280;Jul.74
2021-02-27T23:59:59+01:00;5;558410;Salzburg;35905;Jun.43
2021-02-27T23:59:59+01:00;6;1246395;Steiermark;79455;Jun.37
2021-02-27T23:59:59+01:00;7;757634;Tirol;49218;Jun.50
2021-02-27T23:59:59+01:00;8;397139;Vorarlberg;34368;Aug.65
2021-02-27T23:59:59+01:00;9;1911191;Wien;127471;Jun.67
2021-02-27T23:59:59+01:00;10;8901064;Österreich;645986;Jul.26
2021-02-28T23:59:59+01:00;1;294436;Burgenland;22861;Jul.76
2021-02-28T23:59:59+01:00;2;561293;Kärnten;50106;Aug.93
2021-02-28T23:59:59+01:00;3;1684287;Niederösterreich;128136;Jul.61
2021-02-28T23:59:59+01:00;4;1490279;Oberösterreich;115977;Jul.78
2021-02-28T23:59:59+01:00;5;558410;Salzburg;36000;Jun.45
2021-02-28T23:59:59+01:00;6;1246395;Steiermark;81147;Jun.51
2021-02-28T23:59:59+01:00;7;757634;Tirol;49979;Jun.60
2021-02-28T23:59:59+01:00;8;397139;Vorarlberg;36728;Sep.25
2021-02-28T23:59:59+01:00;9;1911191;Wien;130017;Jun.80
2021-02-28T23:59:59+01:00;10;8901064;Österreich;656670;Jul.38
2021-03-01T23:59:59+01:00;1;294436;Burgenland;23112;Jul.85
2021-03-01T23:59:59+01:00;2;561293;Kärnten;50857;09.Jun
2021-03-01T23:59:59+01:00;3;1684287;Niederösterreich;130936;Jul.77
2021-03-01T23:59:59+01:00;4;1490279;Oberösterreich;117033;Jul.85
2021-03-01T23:59:59+01:00;5;558410;Salzburg;37190;Jun.66
2021-03-01T23:59:59+01:00;6;1246395;Steiermark;83749;Jun.72
2021-03-01T23:59:59+01:00;7;757634;Tirol;51146;Jun.75
2021-03-01T23:59:59+01:00;8;397139;Vorarlberg;37212;Sep.37
2021-03-01T23:59:59+01:00;9;1911191;Wien;133138;Jun.97
2021-03-01T23:59:59+01:00;10;8901064;Österreich;670208;Jul.53
2021-03-02T23:59:59+01:00;1;294436;Burgenland;23414;Jul.95
2021-03-02T23:59:59+01:00;2;561293;Kärnten;52048;Sep.27
2021-03-02T23:59:59+01:00;3;1684287;Niederösterreich;136517;08.Nov
2021-03-02T23:59:59+01:00;4;1490279;Oberösterreich;119300;08.Jän
2021-03-02T23:59:59+01:00;5;558410;Salzburg;39791;Jul.13
2021-03-02T23:59:59+01:00;6;1246395;Steiermark;92431;Jul.42
2021-03-02T23:59:59+01:00;7;757634;Tirol;52936;Jun.99
2021-03-02T23:59:59+01:00;8;397139;Vorarlberg;37220;Sep.37
2021-03-02T23:59:59+01:00;9;1911191;Wien;135878;07.Nov
2021-03-02T23:59:59+01:00;10;8901064;Österreich;695516;Jul.81
2021-03-03T23:59:59+01:00;1;294436;Burgenland;24432;Aug.30
2021-03-03T23:59:59+01:00;2;561293;Kärnten;52668;Sep.38
2021-03-03T23:59:59+01:00;3;1684287;Niederösterreich;142668;Aug.47
2021-03-03T23:59:59+01:00;4;1490279;Oberösterreich;122101;Aug.19
2021-03-03T23:59:59+01:00;5;558410;Salzburg;42453;Jul.60
2021-03-03T23:59:59+01:00;6;1246395;Steiermark;100138;08.Mär
2021-03-03T23:59:59+01:00;7;757634;Tirol;54871;Jul.24
2021-03-03T23:59:59+01:00;8;397139;Vorarlberg;38010;Sep.57
2021-03-03T23:59:59+01:00;9;1911191;Wien;139474;Jul.30
2021-03-03T23:59:59+01:00;10;8901064;Österreich;722964;08.Dez
2021-03-04T23:59:59+01:00;1;294436;Burgenland;25601;Aug.69
2021-03-04T23:59:59+01:00;2;561293;Kärnten;53418;Sep.52
2021-03-04T23:59:59+01:00;3;1684287;Niederösterreich;146905;Aug.72
2021-03-04T23:59:59+01:00;4;1490279;Oberösterreich;123727;Aug.30
2021-03-04T23:59:59+01:00;5;558410;Salzburg;44812;08.Feb
2021-03-04T23:59:59+01:00;6;1246395;Steiermark;105693;Aug.48
2021-03-04T23:59:59+01:00;7;757634;Tirol;55678;Jul.35
2021-03-04T23:59:59+01:00;8;397139;Vorarlberg;38088;Sep.59
2021-03-04T23:59:59+01:00;9;1911191;Wien;142254;Jul.44
2021-03-04T23:59:59+01:00;10;8901064;Österreich;742374;Aug.34
2021-03-05T23:59:59+01:00;1;294436;Burgenland;26301;Aug.93
2021-03-05T23:59:59+01:00;2;561293;Kärnten;53854;Sep.59
2021-03-05T23:59:59+01:00;3;1684287;Niederösterreich;154486;Sep.17
2021-03-05T23:59:59+01:00;4;1490279;Oberösterreich;130080;Aug.73
2021-03-05T23:59:59+01:00;5;558410;Salzburg;46987;Aug.41
2021-03-05T23:59:59+01:00;6;1246395;Steiermark;111287;Aug.93
2021-03-05T23:59:59+01:00;7;757634;Tirol;57798;Jul.63
2021-03-05T23:59:59+01:00;8;397139;Vorarlberg;41743;Okt.51
2021-03-05T23:59:59+01:00;9;1911191;Wien;147248;Jul.70
2021-03-05T23:59:59+01:00;10;8901064;Österreich;776225;Aug.72
2021-03-06T23:59:59+01:00;1;294436;Burgenland;28550;Sep.70
2021-03-06T23:59:59+01:00;2;561293;Kärnten;57828;Okt.30
2021-03-06T23:59:59+01:00;3;1684287;Niederösterreich;157212;Sep.33
2021-03-06T23:59:59+01:00;4;1490279;Oberösterreich;133376;Aug.95
2021-03-06T23:59:59+01:00;5;558410;Salzburg;47298;Aug.47
2021-03-06T23:59:59+01:00;6;1246395;Steiermark;114934;Sep.22
2021-03-06T23:59:59+01:00;7;757634;Tirol;58848;Jul.77
2021-03-06T23:59:59+01:00;8;397139;Vorarlberg;45546;Nov.47
2021-03-06T23:59:59+01:00;9;1911191;Wien;152841;8.00
2021-03-06T23:59:59+01:00;10;8901064;Österreich;802973;09.Feb
2021-03-07T23:59:59+01:00;1;294436;Burgenland;28597;Sep.71
2021-03-07T23:59:59+01:00;2;561293;Kärnten;59579;Okt.61
2021-03-07T23:59:59+01:00;3;1684287;Niederösterreich;158527;Sep.41
2021-03-07T23:59:59+01:00;4;1490279;Oberösterreich;133731;Aug.97
2021-03-07T23:59:59+01:00;5;558410;Salzburg;47365;Aug.48
2021-03-07T23:59:59+01:00;6;1246395;Steiermark;115687;Sep.28
2021-03-07T23:59:59+01:00;7;757634;Tirol;59321;Jul.83
2021-03-07T23:59:59+01:00;8;397139;Vorarlberg;49288;Dez.41
2021-03-07T23:59:59+01:00;9;1911191;Wien;156728;Aug.20
2021-03-07T23:59:59+01:00;10;8901064;Österreich;815467;Sep.16
2021-03-08T23:59:59+01:00;1;294436;Burgenland;28759;Sep.77
2021-03-08T23:59:59+01:00;2;561293;Kärnten;60309;Okt.74
2021-03-08T23:59:59+01:00;3;1684287;Niederösterreich;161261;Sep.57
2021-03-08T23:59:59+01:00;4;1490279;Oberösterreich;135808;09.Nov
2021-03-08T23:59:59+01:00;5;558410;Salzburg;47913;Aug.58
2021-03-08T23:59:59+01:00;6;1246395;Steiermark;117337;Sep.41
2021-03-08T23:59:59+01:00;7;757634;Tirol;60064;Jul.93
2021-03-08T23:59:59+01:00;8;397139;Vorarlberg;49298;Dez.41
2021-03-08T23:59:59+01:00;9;1911191;Wien;163152;Aug.54
2021-03-08T23:59:59+01:00;10;8901064;Österreich;830655;Sep.33
2021-03-09T23:59:59+01:00;1;294436;Burgenland;29996;Okt.19
2021-03-09T23:59:59+01:00;2;561293;Kärnten;60944;Okt.86
2021-03-09T23:59:59+01:00;3;1684287;Niederösterreich;167414;Sep.94
2021-03-09T23:59:59+01:00;4;1490279;Oberösterreich;141796;Sep.51
2021-03-09T23:59:59+01:00;5;558410;Salzburg;50666;09.Jul
2021-03-09T23:59:59+01:00;6;1246395;Steiermark;119633;Sep.60
2021-03-09T23:59:59+01:00;7;757634;Tirol;62407;Aug.24
2021-03-09T23:59:59+01:00;8;397139;Vorarlberg;49488;Dez.46
2021-03-09T23:59:59+01:00;9;1911191;Wien;170768;Aug.94
2021-03-09T23:59:59+01:00;10;8901064;Österreich;860142;Sep.66
2021-03-10T23:59:59+01:00;1;294436;Burgenland;30712;Okt.43
2021-03-10T23:59:59+01:00;2;561293;Kärnten;62300;11.Okt
2021-03-10T23:59:59+01:00;3;1684287;Niederösterreich;174051;Okt.33
2021-03-10T23:59:59+01:00;4;1490279;Oberösterreich;147309;Sep.88
2021-03-10T23:59:59+01:00;5;558410;Salzburg;53136;Sep.52
2021-03-10T23:59:59+01:00;6;1246395;Steiermark;121292;Sep.73
2021-03-10T23:59:59+01:00;7;757634;Tirol;63702;Aug.41
2021-03-10T23:59:59+01:00;8;397139;Vorarlberg;49604;Dez.49
2021-03-10T23:59:59+01:00;9;1911191;Wien;178308;Sep.33
2021-03-10T23:59:59+01:00;10;8901064;Österreich;887695;Sep.97
2021-03-11T23:59:59+01:00;1;294436;Burgenland;31937;Okt.85
2021-03-11T23:59:59+01:00;2;561293;Kärnten;63242;Nov.27
2021-03-11T23:59:59+01:00;3;1684287;Niederösterreich;180740;Okt.73
2021-03-11T23:59:59+01:00;4;1490279;Oberösterreich;156207;Okt.48
2021-03-11T23:59:59+01:00;5;558410;Salzburg;55554;Sep.95
2021-03-11T23:59:59+01:00;6;1246395;Steiermark;122856;Sep.86
2021-03-11T23:59:59+01:00;7;757634;Tirol;73657;Sep.72
2021-03-11T23:59:59+01:00;8;397139;Vorarlberg;51750;13.Mär
2021-03-11T23:59:59+01:00;9;1911191;Wien;185958;Sep.73
2021-03-11T23:59:59+01:00;10;8901064;Österreich;929497;Okt.44
2021-03-12T23:59:59+01:00;1;294436;Burgenland;33035;Nov.22
2021-03-12T23:59:59+01:00;2;561293;Kärnten;63928;Nov.39
2021-03-12T23:59:59+01:00;3;1684287;Niederösterreich;189902;Nov.27
2021-03-12T23:59:59+01:00;4;1490279;Oberösterreich;164773;11.Jun
2021-03-12T23:59:59+01:00;5;558410;Salzburg;58537;Okt.48
2021-03-12T23:59:59+01:00;6;1246395;Steiermark;126877;Okt.18
2021-03-12T23:59:59+01:00;7;757634;Tirol;89731;Nov.84
2021-03-12T23:59:59+01:00;8;397139;Vorarlberg;51839;13.Mai
2021-03-12T23:59:59+01:00;9;1911191;Wien;194501;Okt.18
2021-03-12T23:59:59+01:00;10;8901064;Österreich;981056;11.Feb
2021-03-13T23:59:59+01:00;1;294436;Burgenland;36087;Dez.26
2021-03-13T23:59:59+01:00;2;561293;Kärnten;69541;Dez.39
2021-03-13T23:59:59+01:00;3;1684287;Niederösterreich;193128;Nov.47
2021-03-13T23:59:59+01:00;4;1490279;Oberösterreich;168854;Nov.33
2021-03-13T23:59:59+01:00;5;558410;Salzburg;59842;Okt.72
2021-03-13T23:59:59+01:00;6;1246395;Steiermark;130346;Okt.46
2021-03-13T23:59:59+01:00;7;757634;Tirol;108295;14.29
2021-03-13T23:59:59+01:00;8;397139;Vorarlberg;52048;13.Nov
2021-03-13T23:59:59+01:00;9;1911191;Wien;199970;Okt.46
2021-03-13T23:59:59+01:00;10;8901064;Österreich;1026244;Nov.53
2021-03-14T23:59:59+01:00;1;294436;Burgenland;38853;13.20
2021-03-14T23:59:59+01:00;2;561293;Kärnten;75039;13.37
2021-03-14T23:59:59+01:00;3;1684287;Niederösterreich;194744;Nov.56
2021-03-14T23:59:59+01:00;4;1490279;Oberösterreich;169892;Nov.40
2021-03-14T23:59:59+01:00;5;558410;Salzburg;60093;Okt.76
2021-03-14T23:59:59+01:00;6;1246395;Steiermark;130506;Okt.47
2021-03-14T23:59:59+01:00;7;757634;Tirol;120907;15.96
2021-03-14T23:59:59+01:00;8;397139;Vorarlberg;52062;13.Nov
2021-03-14T23:59:59+01:00;9;1911191;Wien;203235;Okt.63
2021-03-14T23:59:59+01:00;10;8901064;Österreich;1053599;Nov.84
2021-03-15T23:59:59+01:00;1;294436;Burgenland;39029;13.26
2021-03-15T23:59:59+01:00;2;561293;Kärnten;76397;13.61
2021-03-15T23:59:59+01:00;3;1684287;Niederösterreich;200391;Nov.90
2021-03-15T23:59:59+01:00;4;1490279;Oberösterreich;171700;Nov.52
2021-03-15T23:59:59+01:00;5;558410;Salzburg;61587;11.Mär
2021-03-15T23:59:59+01:00;6;1246395;Steiermark;131918;Okt.58
2021-03-15T23:59:59+01:00;7;757634;Tirol;126829;16.74
2021-03-15T23:59:59+01:00;8;397139;Vorarlberg;52080;13.Nov
2021-03-15T23:59:59+01:00;9;1911191;Wien;210750;11.Mär
2021-03-15T23:59:59+01:00;10;8901064;Österreich;1079144;12.Dez
2021-03-16T23:59:59+01:00;1;294436;Burgenland;39224;13.32
2021-03-16T23:59:59+01:00;2;561293;Kärnten;79765;14.21
2021-03-16T23:59:59+01:00;3;1684287;Niederösterreich;207854;Dez.34
2021-03-16T23:59:59+01:00;4;1490279;Oberösterreich;175010;Nov.74
2021-03-16T23:59:59+01:00;5;558410;Salzburg;64401;Nov.53
2021-03-16T23:59:59+01:00;6;1246395;Steiermark;133146;Okt.68
2021-03-16T23:59:59+01:00;7;757634;Tirol;131647;17.38
2021-03-16T23:59:59+01:00;8;397139;Vorarlberg;52110;13.Dez
2021-03-16T23:59:59+01:00;9;1911191;Wien;217484;Nov.38
2021-03-16T23:59:59+01:00;10;8901064;Österreich;1109315;Dez.46
2021-03-17T23:59:59+01:00;1;294436;Burgenland;40531;13.77
2021-03-17T23:59:59+01:00;2;561293;Kärnten;82209;14.65
2021-03-17T23:59:59+01:00;3;1684287;Niederösterreich;216498;Dez.85
2021-03-17T23:59:59+01:00;4;1490279;Oberösterreich;181241;Dez.16
2021-03-17T23:59:59+01:00;5;558410;Salzburg;67217;12.Apr
2021-03-17T23:59:59+01:00;6;1246395;Steiermark;134596;Okt.80
2021-03-17T23:59:59+01:00;7;757634;Tirol;134323;17.73
2021-03-17T23:59:59+01:00;8;397139;Vorarlberg;61442;15.47
2021-03-17T23:59:59+01:00;9;1911191;Wien;223381;Nov.69
2021-03-17T23:59:59+01:00;10;8901064;Österreich;1150378;Dez.92
2021-03-18T23:59:59+01:00;1;294436;Burgenland;42541;14.45
2021-03-18T23:59:59+01:00;2;561293;Kärnten;84802;15.Nov
2021-03-18T23:59:59+01:00;3;1684287;Niederösterreich;224201;13.31
2021-03-18T23:59:59+01:00;4;1490279;Oberösterreich;190258;Dez.77
2021-03-18T23:59:59+01:00;5;558410;Salzburg;70277;Dez.59
2021-03-18T23:59:59+01:00;6;1246395;Steiermark;135512;Okt.87
2021-03-18T23:59:59+01:00;7;757634;Tirol;138849;18.33
2021-03-18T23:59:59+01:00;8;397139;Vorarlberg;62898;15.84
2021-03-18T23:59:59+01:00;9;1911191;Wien;230543;12.Jun
2021-03-18T23:59:59+01:00;10;8901064;Österreich;1189103;13.36
2021-03-19T23:59:59+01:00;1;294436;Burgenland;44745;15.20
2021-03-19T23:59:59+01:00;2;561293;Kärnten;85993;15.32
2021-03-19T23:59:59+01:00;3;1684287;Niederösterreich;235293;13.97
2021-03-19T23:59:59+01:00;4;1490279;Oberösterreich;200547;13.46
2021-03-19T23:59:59+01:00;5;558410;Salzburg;72780;13.Mär
2021-03-19T23:59:59+01:00;6;1246395;Steiermark;146743;Nov.77
2021-03-19T23:59:59+01:00;7;757634;Tirol;142872;18.86
2021-03-19T23:59:59+01:00;8;397139;Vorarlberg;64859;16.33
2021-03-19T23:59:59+01:00;9;1911191;Wien;235856;Dez.34
2021-03-19T23:59:59+01:00;10;8901064;Österreich;1239208;13.92
2021-03-20T23:59:59+01:00;1;294436;Burgenland;46972;15.95
2021-03-20T23:59:59+01:00;2;561293;Kärnten;89691;15.98
2021-03-20T23:59:59+01:00;3;1684287;Niederösterreich;252745;15.Jän
2021-03-20T23:59:59+01:00;4;1490279;Oberösterreich;204410;13.72
2021-03-20T23:59:59+01:00;5;558410;Salzburg;73138;13.Okt
2021-03-20T23:59:59+01:00;6;1246395;Steiermark;151894;Dez.19
2021-03-20T23:59:59+01:00;7;757634;Tirol;147533;19.47
2021-03-20T23:59:59+01:00;8;397139;Vorarlberg;66215;16.67
2021-03-20T23:59:59+01:00;9;1911191;Wien;241815;Dez.65
2021-03-20T23:59:59+01:00;10;8901064;Österreich;1284116;14.43
2021-03-21T23:59:59+01:00;1;294436;Burgenland;48663;16.53
2021-03-21T23:59:59+01:00;2;561293;Kärnten;90879;16.19
2021-03-21T23:59:59+01:00;3;1684287;Niederösterreich;256298;15.22
2021-03-21T23:59:59+01:00;4;1490279;Oberösterreich;205296;13.78
2021-03-21T23:59:59+01:00;5;558410;Salzburg;73244;13.Dez
2021-03-21T23:59:59+01:00;6;1246395;Steiermark;152120;Dez.20
2021-03-21T23:59:59+01:00;7;757634;Tirol;148881;19.65
2021-03-21T23:59:59+01:00;8;397139;Vorarlberg;69540;17.51
2021-03-21T23:59:59+01:00;9;1911191;Wien;246377;Dez.89
2021-03-21T23:59:59+01:00;10;8901064;Österreich;1301065;14.62
2021-03-22T23:59:59+01:00;1;294436;Burgenland;48827;16.58
2021-03-22T23:59:59+01:00;2;561293;Kärnten;91733;16.34
2021-03-22T23:59:59+01:00;3;1684287;Niederösterreich;262025;15.56
2021-03-22T23:59:59+01:00;4;1490279;Oberösterreich;208247;13.97
2021-03-22T23:59:59+01:00;5;558410;Salzburg;74411;13.33
2021-03-22T23:59:59+01:00;6;1246395;Steiermark;154623;Dez.41
2021-03-22T23:59:59+01:00;7;757634;Tirol;152137;20.Aug
2021-03-22T23:59:59+01:00;8;397139;Vorarlberg;69858;17.59
2021-03-22T23:59:59+01:00;9;1911191;Wien;252897;13.23
2021-03-22T23:59:59+01:00;10;8901064;Österreich;1324677;14.88
2021-03-23T23:59:59+01:00;1;294436;Burgenland;48935;16.62
2021-03-23T23:59:59+01:00;2;561293;Kärnten;93470;16.65
2021-03-23T23:59:59+01:00;3;1684287;Niederösterreich;268535;15.94
2021-03-23T23:59:59+01:00;4;1490279;Oberösterreich;212647;14.27
2021-03-23T23:59:59+01:00;5;558410;Salzburg;76748;13.74
2021-03-23T23:59:59+01:00;6;1246395;Steiermark;162915;13.Jul
2021-03-23T23:59:59+01:00;7;757634;Tirol;154043;20.33
2021-03-23T23:59:59+01:00;8;397139;Vorarlberg;69869;17.59
2021-03-23T23:59:59+01:00;9;1911191;Wien;257437;13.47
2021-03-23T23:59:59+01:00;10;8901064;Österreich;1354694;15.22
2021-03-24T23:59:59+01:00;1;294436;Burgenland;49868;16.94
2021-03-24T23:59:59+01:00;2;561293;Kärnten;96186;17.14
2021-03-24T23:59:59+01:00;3;1684287;Niederösterreich;277561;16.48
2021-03-24T23:59:59+01:00;4;1490279;Oberösterreich;218692;14.67
2021-03-24T23:59:59+01:00;5;558410;Salzburg;79430;14.22
2021-03-24T23:59:59+01:00;6;1246395;Steiermark;171201;13.74
2021-03-24T23:59:59+01:00;7;757634;Tirol;157763;20.82
2021-03-24T23:59:59+01:00;8;397139;Vorarlberg;69883;17.60
2021-03-24T23:59:59+01:00;9;1911191;Wien;261162;13.66
2021-03-24T23:59:59+01:00;10;8901064;Österreich;1392088;15.64
2021-03-25T23:59:59+01:00;1;294436;Burgenland;51305;17.42
2021-03-25T23:59:59+01:00;2;561293;Kärnten;98718;17.59
2021-03-25T23:59:59+01:00;3;1684287;Niederösterreich;287585;17.Jul
2021-03-25T23:59:59+01:00;4;1490279;Oberösterreich;226798;15.22
2021-03-25T23:59:59+01:00;5;558410;Salzburg;82170;14.71
2021-03-25T23:59:59+01:00;6;1246395;Steiermark;178905;14.35
2021-03-25T23:59:59+01:00;7;757634;Tirol;162322;21.42
2021-03-25T23:59:59+01:00;8;397139;Vorarlberg;71272;17.95
2021-03-25T23:59:59+01:00;9;1911191;Wien;270727;14.17
2021-03-25T23:59:59+01:00;10;8901064;Österreich;1440434;16.18
2021-03-26T23:59:59+01:00;1;294436;Burgenland;51833;17.60
2021-03-26T23:59:59+01:00;2;561293;Kärnten;99693;17.76
2021-03-26T23:59:59+01:00;3;1684287;Niederösterreich;299250;17.77
2021-03-26T23:59:59+01:00;4;1490279;Oberösterreich;239765;16.Sep
2021-03-26T23:59:59+01:00;5;558410;Salzburg;84802;15.19
2021-03-26T23:59:59+01:00;6;1246395;Steiermark;184597;14.81
2021-03-26T23:59:59+01:00;7;757634;Tirol;166731;22.Jän
2021-03-26T23:59:59+01:00;8;397139;Vorarlberg;74499;18.76
2021-03-26T23:59:59+01:00;9;1911191;Wien;277610;14.53
2021-03-26T23:59:59+01:00;10;8901064;Österreich;1489710;16.74
2021-03-27T23:59:59+01:00;1;294436;Burgenland;54167;18.40
2021-03-27T23:59:59+01:00;2;561293;Kärnten;104095;18.55
2021-03-27T23:59:59+01:00;3;1684287;Niederösterreich;306097;18.17
2021-03-27T23:59:59+01:00;4;1490279;Oberösterreich;251812;16.90
2021-03-27T23:59:59+01:00;5;558410;Salzburg;85928;15.39
2021-03-27T23:59:59+01:00;6;1246395;Steiermark;187791;15.Jul
2021-03-27T23:59:59+01:00;7;757634;Tirol;168453;22.23
2021-03-27T23:59:59+01:00;8;397139;Vorarlberg;77276;19.46
2021-03-27T23:59:59+01:00;9;1911191;Wien;283067;14.81
2021-03-27T23:59:59+01:00;10;8901064;Österreich;1529790;17.19
2021-03-28T23:59:59+02:00;1;294436;Burgenland;56493;19.19
2021-03-28T23:59:59+02:00;2;561293;Kärnten;106810;19.Mär
2021-03-28T23:59:59+02:00;3;1684287;Niederösterreich;308013;18.29
2021-03-28T23:59:59+02:00;4;1490279;Oberösterreich;252472;16.94
2021-03-28T23:59:59+02:00;5;558410;Salzburg;85981;15.40
2021-03-28T23:59:59+02:00;6;1246395;Steiermark;188618;15.13
2021-03-28T23:59:59+02:00;7;757634;Tirol;169766;22.41
2021-03-28T23:59:59+02:00;8;397139;Vorarlberg;79173;19.94
2021-03-28T23:59:59+02:00;9;1911191;Wien;286100;14.97
2021-03-28T23:59:59+02:00;10;8901064;Österreich;1544597;17.35
2021-03-29T23:59:59+02:00;1;294436;Burgenland;56671;19.25
2021-03-29T23:59:59+02:00;2;561293;Kärnten;107298;19.Dez
2021-03-29T23:59:59+02:00;3;1684287;Niederösterreich;312336;18.54
2021-03-29T23:59:59+02:00;4;1490279;Oberösterreich;258692;17.36
2021-03-29T23:59:59+02:00;5;558410;Salzburg;88046;15.77
2021-03-29T23:59:59+02:00;6;1246395;Steiermark;192289;15.43
2021-03-29T23:59:59+02:00;7;757634;Tirol;171982;22.70
2021-03-29T23:59:59+02:00;8;397139;Vorarlberg;79192;19.94
2021-03-29T23:59:59+02:00;9;1911191;Wien;291158;15.23
2021-03-29T23:59:59+02:00;10;8901064;Österreich;1569086;17.63
2021-03-30T23:59:59+02:00;1;294436;Burgenland;58208;19.77
2021-03-30T23:59:59+02:00;2;561293;Kärnten;108216;19.28
2021-03-30T23:59:59+02:00;3;1684287;Niederösterreich;318910;18.93
2021-03-30T23:59:59+02:00;4;1490279;Oberösterreich;267241;17.93
2021-03-30T23:59:59+02:00;5;558410;Salzburg;91842;16.45
2021-03-30T23:59:59+02:00;6;1246395;Steiermark;200219;16.Jun
2021-03-30T23:59:59+02:00;7;757634;Tirol;175067;23.Nov
2021-03-30T23:59:59+02:00;8;397139;Vorarlberg;79204;19.94
2021-03-30T23:59:59+02:00;9;1911191;Wien;300766;15.74
2021-03-30T23:59:59+02:00;10;8901064;Österreich;1611455;18.Okt
2021-03-31T23:59:59+02:00;1;294436;Burgenland;59473;20.20
2021-03-31T23:59:59+02:00;2;561293;Kärnten;110097;19.61
2021-03-31T23:59:59+02:00;3;1684287;Niederösterreich;326032;19.36
2021-03-31T23:59:59+02:00;4;1490279;Oberösterreich;271172;18.20
2021-03-31T23:59:59+02:00;5;558410;Salzburg;96180;17.22
2021-03-31T23:59:59+02:00;6;1246395;Steiermark;205456;16.48
2021-03-31T23:59:59+02:00;7;757634;Tirol;177154;23.38
2021-03-31T23:59:59+02:00;8;397139;Vorarlberg;79851;20.Nov
2021-03-31T23:59:59+02:00;9;1911191;Wien;303948;15.90
2021-03-31T23:59:59+02:00;10;8901064;Österreich;1641332;18.44
2021-04-01T23:59:59+02:00;1;294436;Burgenland;59849;20.33
2021-04-01T23:59:59+02:00;2;561293;Kärnten;111864;19.93
2021-04-01T23:59:59+02:00;3;1684287;Niederösterreich;333886;19.82
2021-04-01T23:59:59+02:00;4;1490279;Oberösterreich;279557;18.76
2021-04-01T23:59:59+02:00;5;558410;Salzburg;99675;17.85
2021-04-01T23:59:59+02:00;6;1246395;Steiermark;208299;16.71
2021-04-01T23:59:59+02:00;7;757634;Tirol;180643;23.84
2021-04-01T23:59:59+02:00;8;397139;Vorarlberg;84033;21.16
2021-04-01T23:59:59+02:00;9;1911191;Wien;312856;16.37
2021-04-01T23:59:59+02:00;10;8901064;Österreich;1682949;18.91
2021-04-02T23:59:59+02:00;1;294436;Burgenland;62562;21.25
2021-04-02T23:59:59+02:00;2;561293;Kärnten;112433;20.Mär
2021-04-02T23:59:59+02:00;3;1684287;Niederösterreich;343304;20.38
2021-04-02T23:59:59+02:00;4;1490279;Oberösterreich;286840;19.25
2021-04-02T23:59:59+02:00;5;558410;Salzburg;102381;18.33
2021-04-02T23:59:59+02:00;6;1246395;Steiermark;210454;16.89
2021-04-02T23:59:59+02:00;7;757634;Tirol;185479;24.48
2021-04-02T23:59:59+02:00;8;397139;Vorarlberg;87466;22.Feb
2021-04-02T23:59:59+02:00;9;1911191;Wien;324387;16.97
2021-04-02T23:59:59+02:00;10;8901064;Österreich;1727929;19.41
2021-04-03T23:59:59+02:00;1;294436;Burgenland;62665;21.28
2021-04-03T23:59:59+02:00;2;561293;Kärnten;115449;20.57
2021-04-03T23:59:59+02:00;3;1684287;Niederösterreich;347661;20.64
2021-04-03T23:59:59+02:00;4;1490279;Oberösterreich;289701;19.44
2021-04-03T23:59:59+02:00;5;558410;Salzburg;102442;18.35
2021-04-03T23:59:59+02:00;6;1246395;Steiermark;210609;16.90
2021-04-03T23:59:59+02:00;7;757634;Tirol;187809;24.79
2021-04-03T23:59:59+02:00;8;397139;Vorarlberg;87467;22.Feb
2021-04-03T23:59:59+02:00;9;1911191;Wien;332281;17.39
2021-04-03T23:59:59+02:00;10;8901064;Österreich;1748821;19.65
2021-04-04T23:59:59+02:00;1;294436;Burgenland;62682;21.29
2021-04-04T23:59:59+02:00;2;561293;Kärnten;118642;21.14
2021-04-04T23:59:59+02:00;3;1684287;Niederösterreich;348945;20.72
2021-04-04T23:59:59+02:00;4;1490279;Oberösterreich;289984;19.46
2021-04-04T23:59:59+02:00;5;558410;Salzburg;102446;18.35
2021-04-04T23:59:59+02:00;6;1246395;Steiermark;210871;16.92
2021-04-04T23:59:59+02:00;7;757634;Tirol;188217;24.84
2021-04-04T23:59:59+02:00;8;397139;Vorarlberg;87468;22.Feb
2021-04-04T23:59:59+02:00;9;1911191;Wien;336587;17.61
2021-04-04T23:59:59+02:00;10;8901064;Österreich;1758620;19.76
2021-04-05T23:59:59+02:00;1;294436;Burgenland;62701;21.30
2021-04-05T23:59:59+02:00;2;561293;Kärnten;121215;21.60
2021-04-05T23:59:59+02:00;3;1684287;Niederösterreich;350160;20.79
2021-04-05T23:59:59+02:00;4;1490279;Oberösterreich;290102;19.47
2021-04-05T23:59:59+02:00;5;558410;Salzburg;102512;18.36
2021-04-05T23:59:59+02:00;6;1246395;Steiermark;210926;16.92
2021-04-05T23:59:59+02:00;7;757634;Tirol;188711;24.91
2021-04-05T23:59:59+02:00;8;397139;Vorarlberg;91451;23.Mär
2021-04-05T23:59:59+02:00;9;1911191;Wien;342946;17.94
2021-04-05T23:59:59+02:00;10;8901064;Österreich;1773606;19.93
2021-04-06T23:59:59+02:00;1;294436;Burgenland;65713;22.32
2021-04-06T23:59:59+02:00;2;561293;Kärnten;125081;22.28
2021-04-06T23:59:59+02:00;3;1684287;Niederösterreich;360743;21.42
2021-04-06T23:59:59+02:00;4;1490279;Oberösterreich;291500;19.56
2021-04-06T23:59:59+02:00;5;558410;Salzburg;103827;18.59
2021-04-06T23:59:59+02:00;6;1246395;Steiermark;214646;17.22
2021-04-06T23:59:59+02:00;7;757634;Tirol;191916;25.33
2021-04-06T23:59:59+02:00;8;397139;Vorarlberg;93340;23.50
2021-04-06T23:59:59+02:00;9;1911191;Wien;354065;18.53
2021-04-06T23:59:59+02:00;10;8901064;Österreich;1813867;20.38
2021-04-07T23:59:59+02:00;1;294436;Burgenland;68022;23.Okt
2021-04-07T23:59:59+02:00;2;561293;Kärnten;127798;22.77
2021-04-07T23:59:59+02:00;3;1684287;Niederösterreich;376064;22.33
2021-04-07T23:59:59+02:00;4;1490279;Oberösterreich;303144;20.34
2021-04-07T23:59:59+02:00;5;558410;Salzburg;108544;19.44
2021-04-07T23:59:59+02:00;6;1246395;Steiermark;221480;17.77
2021-04-07T23:59:59+02:00;7;757634;Tirol;198042;26.14
2021-04-07T23:59:59+02:00;8;397139;Vorarlberg;94695;23.84
2021-04-07T23:59:59+02:00;9;1911191;Wien;361244;18.90
2021-04-07T23:59:59+02:00;10;8901064;Österreich;1872531;21.Apr
2021-04-08T23:59:59+02:00;1;294436;Burgenland;70887;24.Aug
2021-04-08T23:59:59+02:00;2;561293;Kärnten;131503;23.43
2021-04-08T23:59:59+02:00;3;1684287;Niederösterreich;389750;23.14
2021-04-08T23:59:59+02:00;4;1490279;Oberösterreich;315642;21.18
2021-04-08T23:59:59+02:00;5;558410;Salzburg;113331;20.30
2021-04-08T23:59:59+02:00;6;1246395;Steiermark;228305;18.32
2021-04-08T23:59:59+02:00;7;757634;Tirol;209836;27.70
2021-04-08T23:59:59+02:00;8;397139;Vorarlberg;98012;24.68
2021-04-08T23:59:59+02:00;9;1911191;Wien;375879;19.67
2021-04-08T23:59:59+02:00;10;8901064;Österreich;1947126;21.88
2021-04-09T23:59:59+02:00;1;294436;Burgenland;74431;25.28
2021-04-09T23:59:59+02:00;2;561293;Kärnten;134117;23.89
2021-04-09T23:59:59+02:00;3;1684287;Niederösterreich;405794;24.Sep
2021-04-09T23:59:59+02:00;4;1490279;Oberösterreich;330314;22.16
2021-04-09T23:59:59+02:00;5;558410;Salzburg;118908;21.29
2021-04-09T23:59:59+02:00;6;1246395;Steiermark;233638;18.75
2021-04-09T23:59:59+02:00;7;757634;Tirol;227434;30.02
2021-04-09T23:59:59+02:00;8;397139;Vorarlberg;99864;25.15
2021-04-09T23:59:59+02:00;9;1911191;Wien;385858;20.19
2021-04-09T23:59:59+02:00;10;8901064;Österreich;2024861;22.75
2021-04-10T23:59:59+02:00;1;294436;Burgenland;77049;26.17
2021-04-10T23:59:59+02:00;2;561293;Kärnten;139162;24.79
2021-04-10T23:59:59+02:00;3;1684287;Niederösterreich;415191;24.65
2021-04-10T23:59:59+02:00;4;1490279;Oberösterreich;337903;22.67
2021-04-10T23:59:59+02:00;5;558410;Salzburg;119906;21.47
2021-04-10T23:59:59+02:00;6;1246395;Steiermark;237395;19.Mai
2021-04-10T23:59:59+02:00;7;757634;Tirol;248485;32.80
2021-04-10T23:59:59+02:00;8;397139;Vorarlberg;105985;26.69
2021-04-10T23:59:59+02:00;9;1911191;Wien;393761;20.60
2021-04-10T23:59:59+02:00;10;8901064;Österreich;2089837;23.48
2021-04-11T23:59:59+02:00;1;294436;Burgenland;78990;26.83
2021-04-11T23:59:59+02:00;2;561293;Kärnten;143641;25.59
2021-04-11T23:59:59+02:00;3;1684287;Niederösterreich;418139;24.83
2021-04-11T23:59:59+02:00;4;1490279;Oberösterreich;338529;22.72
2021-04-11T23:59:59+02:00;5;558410;Salzburg;120182;21.52
2021-04-11T23:59:59+02:00;6;1246395;Steiermark;238497;19.13
2021-04-11T23:59:59+02:00;7;757634;Tirol;258793;34.16
2021-04-11T23:59:59+02:00;8;397139;Vorarlberg;106962;26.93
2021-04-11T23:59:59+02:00;9;1911191;Wien;398309;20.84
2021-04-11T23:59:59+02:00;10;8901064;Österreich;2117170;23.79
2021-04-12T23:59:59+02:00;1;294436;Burgenland;82018;27.86
2021-04-12T23:59:59+02:00;2;561293;Kärnten;144373;25.72
2021-04-12T23:59:59+02:00;3;1684287;Niederösterreich;425423;25.26
2021-04-12T23:59:59+02:00;4;1490279;Oberösterreich;340193;22.83
2021-04-12T23:59:59+02:00;5;558410;Salzburg;122288;21.90
2021-04-12T23:59:59+02:00;6;1246395;Steiermark;245460;19.69
2021-04-12T23:59:59+02:00;7;757634;Tirol;264113;34.86
2021-04-12T23:59:59+02:00;8;397139;Vorarlberg;107042;26.95
2021-04-12T23:59:59+02:00;9;1911191;Wien;407830;21.34
2021-04-12T23:59:59+02:00;10;8901064;Österreich;2154019;24.20
2021-04-13T23:59:59+02:00;1;294436;Burgenland;82288;27.95
2021-04-13T23:59:59+02:00;2;561293;Kärnten;146011;26.Jän
2021-04-13T23:59:59+02:00;3;1684287;Niederösterreich;435196;25.84
2021-04-13T23:59:59+02:00;4;1490279;Oberösterreich;346655;23.26
2021-04-13T23:59:59+02:00;5;558410;Salzburg;124944;22.37
2021-04-13T23:59:59+02:00;6;1246395;Steiermark;251357;20.17
2021-04-13T23:59:59+02:00;7;757634;Tirol;270476;35.70
2021-04-13T23:59:59+02:00;8;397139;Vorarlberg;107055;26.96
2021-04-13T23:59:59+02:00;9;1911191;Wien;417982;21.87
2021-04-13T23:59:59+02:00;10;8901064;Österreich;2197468;24.69
2021-04-14T23:59:59+02:00;1;294436;Burgenland;82509;28.Feb
2021-04-14T23:59:59+02:00;2;561293;Kärnten;148799;26.51
2021-04-14T23:59:59+02:00;3;1684287;Niederösterreich;449884;26.71
2021-04-14T23:59:59+02:00;4;1490279;Oberösterreich;359930;24.15
2021-04-14T23:59:59+02:00;5;558410;Salzburg;128485;23.Jän
2021-04-14T23:59:59+02:00;6;1246395;Steiermark;265842;21.33
2021-04-14T23:59:59+02:00;7;757634;Tirol;275077;36.31
2021-04-14T23:59:59+02:00;8;397139;Vorarlberg;108978;27.44
2021-04-14T23:59:59+02:00;9;1911191;Wien;428311;22.41
2021-04-14T23:59:59+02:00;10;8901064;Österreich;2263713;25.43
2021-04-15T23:59:59+02:00;1;294436;Burgenland;85861;29.16
2021-04-15T23:59:59+02:00;2;561293;Kärnten;151446;26.98
2021-04-15T23:59:59+02:00;3;1684287;Niederösterreich;463368;27.51
2021-04-15T23:59:59+02:00;4;1490279;Oberösterreich;373137;25.Apr
2021-04-15T23:59:59+02:00;5;558410;Salzburg;132356;23.70
2021-04-15T23:59:59+02:00;6;1246395;Steiermark;280736;22.52
2021-04-15T23:59:59+02:00;7;757634;Tirol;278889;36.81
2021-04-15T23:59:59+02:00;8;397139;Vorarlberg;112459;28.32
2021-04-15T23:59:59+02:00;9;1911191;Wien;439956;23.Feb
2021-04-15T23:59:59+02:00;10;8901064;Österreich;2334458;26.23
2021-04-16T23:59:59+02:00;1;294436;Burgenland;88865;30.18
2021-04-16T23:59:59+02:00;2;561293;Kärnten;152973;27.25
2021-04-16T23:59:59+02:00;3;1684287;Niederösterreich;477562;28.35
2021-04-16T23:59:59+02:00;4;1490279;Oberösterreich;387207;25.98
2021-04-16T23:59:59+02:00;5;558410;Salzburg;135822;24.32
2021-04-16T23:59:59+02:00;6;1246395;Steiermark;291184;23.36
2021-04-16T23:59:59+02:00;7;757634;Tirol;284519;37.55
2021-04-16T23:59:59+02:00;8;397139;Vorarlberg;119583;30.Nov
2021-04-16T23:59:59+02:00;9;1911191;Wien;451625;23.63
2021-04-16T23:59:59+02:00;10;8901064;Österreich;2405952;27.Mär
2021-04-17T23:59:59+02:00;1;294436;Burgenland;92686;31.48
2021-04-17T23:59:59+02:00;2;561293;Kärnten;160180;28.54
2021-04-17T23:59:59+02:00;3;1684287;Niederösterreich;495427;29.41
2021-04-17T23:59:59+02:00;4;1490279;Oberösterreich;391685;26.28
2021-04-17T23:59:59+02:00;5;558410;Salzburg;136064;24.37
2021-04-17T23:59:59+02:00;6;1246395;Steiermark;293370;23.54
2021-04-17T23:59:59+02:00;7;757634;Tirol;287572;37.96
2021-04-17T23:59:59+02:00;8;397139;Vorarlberg;126006;31.73
2021-04-17T23:59:59+02:00;9;1911191;Wien;459803;24.Jun
2021-04-17T23:59:59+02:00;10;8901064;Österreich;2459606;27.63
2021-04-18T23:59:59+02:00;1;294436;Burgenland;94357;32.05
2021-04-18T23:59:59+02:00;2;561293;Kärnten;167968;29.93
2021-04-18T23:59:59+02:00;3;1684287;Niederösterreich;497604;29.54
2021-04-18T23:59:59+02:00;4;1490279;Oberösterreich;391773;26.29
2021-04-18T23:59:59+02:00;5;558410;Salzburg;136135;24.38
2021-04-18T23:59:59+02:00;6;1246395;Steiermark;293764;23.57
2021-04-18T23:59:59+02:00;7;757634;Tirol;288262;38.05
2021-04-18T23:59:59+02:00;8;397139;Vorarlberg;126984;31.97
2021-04-18T23:59:59+02:00;9;1911191;Wien;464210;24.29
2021-04-18T23:59:59+02:00;10;8901064;Österreich;2477932;27.84
2021-04-19T23:59:59+02:00;1;294436;Burgenland;94524;32.10
2021-04-19T23:59:59+02:00;2;561293;Kärnten;168503;30.02
2021-04-19T23:59:59+02:00;3;1684287;Niederösterreich;504330;29.94
2021-04-19T23:59:59+02:00;4;1490279;Oberösterreich;393612;26.41
2021-04-19T23:59:59+02:00;5;558410;Salzburg;138654;24.83
2021-04-19T23:59:59+02:00;6;1246395;Steiermark;302011;24.23
2021-04-19T23:59:59+02:00;7;757634;Tirol;293011;38.67
2021-04-19T23:59:59+02:00;8;397139;Vorarlberg;127019;31.98
2021-04-19T23:59:59+02:00;9;1911191;Wien;478119;25.Feb
2021-04-19T23:59:59+02:00;10;8901064;Österreich;2516807;28.28
2021-04-20T23:59:59+02:00;1;294436;Burgenland;95610;32.47
2021-04-20T23:59:59+02:00;2;561293;Kärnten;169616;30.22
2021-04-20T23:59:59+02:00;3;1684287;Niederösterreich;513042;30.46
2021-04-20T23:59:59+02:00;4;1490279;Oberösterreich;398583;26.75
2021-04-20T23:59:59+02:00;5;558410;Salzburg;142052;25.44
2021-04-20T23:59:59+02:00;6;1246395;Steiermark;308782;24.77
2021-04-20T23:59:59+02:00;7;757634;Tirol;295013;38.94
2021-04-20T23:59:59+02:00;8;397139;Vorarlberg;127028;31.99
2021-04-20T23:59:59+02:00;9;1911191;Wien;490872;25.68
2021-04-20T23:59:59+02:00;10;8901064;Österreich;2557803;28.74
2021-04-21T23:59:59+02:00;1;294436;Burgenland;96344;32.72
2021-04-21T23:59:59+02:00;2;561293;Kärnten;171601;30.57
2021-04-21T23:59:59+02:00;3;1684287;Niederösterreich;523744;31.Okt
2021-04-21T23:59:59+02:00;4;1490279;Oberösterreich;410188;27.52
2021-04-21T23:59:59+02:00;5;558410;Salzburg;147253;26.37
2021-04-21T23:59:59+02:00;6;1246395;Steiermark;322790;25.90
2021-04-21T23:59:59+02:00;7;757634;Tirol;301411;39.78
2021-04-21T23:59:59+02:00;8;397139;Vorarlberg;127536;32.11
2021-04-21T23:59:59+02:00;9;1911191;Wien;504231;26.38
2021-04-21T23:59:59+02:00;10;8901064;Österreich;2628309;29.53
2021-04-22T23:59:59+02:00;1;294436;Burgenland;98939;33.60
2021-04-22T23:59:59+02:00;2;561293;Kärnten;172932;30.81
2021-04-22T23:59:59+02:00;3;1684287;Niederösterreich;540144;32.07
2021-04-22T23:59:59+02:00;4;1490279;Oberösterreich;421971;28.31
2021-04-22T23:59:59+02:00;5;558410;Salzburg;152024;27.22
2021-04-22T23:59:59+02:00;6;1246395;Steiermark;332638;26.69
2021-04-22T23:59:59+02:00;7;757634;Tirol;303461;40.05
2021-04-22T23:59:59+02:00;8;397139;Vorarlberg;130828;32.94
2021-04-22T23:59:59+02:00;9;1911191;Wien;517307;27.Jul
2021-04-22T23:59:59+02:00;10;8901064;Österreich;2693775;30.26
2021-04-23T23:59:59+02:00;1;294436;Burgenland;100138;34.01
2021-04-23T23:59:59+02:00;2;561293;Kärnten;173655;30.94
2021-04-23T23:59:59+02:00;3;1684287;Niederösterreich;551922;32.77
2021-04-23T23:59:59+02:00;4;1490279;Oberösterreich;436238;29.27
2021-04-23T23:59:59+02:00;5;558410;Salzburg;155812;27.90
2021-04-23T23:59:59+02:00;6;1246395;Steiermark;345165;27.69
2021-04-23T23:59:59+02:00;7;757634;Tirol;310171;40.94
2021-04-23T23:59:59+02:00;8;397139;Vorarlberg;132792;33.44
2021-04-23T23:59:59+02:00;9;1911191;Wien;531360;27.80
2021-04-23T23:59:59+02:00;10;8901064;Österreich;2761161;31.02
2021-04-24T23:59:59+02:00;1;294436;Burgenland;101356;34.42
2021-04-24T23:59:59+02:00;2;561293;Kärnten;180763;32.20
2021-04-24T23:59:59+02:00;3;1684287;Niederösterreich;558665;33.17
2021-04-24T23:59:59+02:00;4;1490279;Oberösterreich;440288;29.54
2021-04-24T23:59:59+02:00;5;558410;Salzburg;156311;27.99
2021-04-24T23:59:59+02:00;6;1246395;Steiermark;347125;27.85
2021-04-24T23:59:59+02:00;7;757634;Tirol;312092;41.19
2021-04-24T23:59:59+02:00;8;397139;Vorarlberg;135795;34.19
2021-04-24T23:59:59+02:00;9;1911191;Wien;542008;28.36
2021-04-24T23:59:59+02:00;10;8901064;Österreich;2798424;31.44
2021-04-25T23:59:59+02:00;1;294436;Burgenland;103958;35.31
2021-04-25T23:59:59+02:00;2;561293;Kärnten;186895;33.30
2021-04-25T23:59:59+02:00;3;1684287;Niederösterreich;561951;33.36
2021-04-25T23:59:59+02:00;4;1490279;Oberösterreich;445473;29.89
2021-04-25T23:59:59+02:00;5;558410;Salzburg;156384;28.Jän
2021-04-25T23:59:59+02:00;6;1246395;Steiermark;347726;27.90
2021-04-25T23:59:59+02:00;7;757634;Tirol;312742;41.28
2021-04-25T23:59:59+02:00;8;397139;Vorarlberg;139066;35.02
2021-04-25T23:59:59+02:00;9;1911191;Wien;549270;28.74
2021-04-25T23:59:59+02:00;10;8901064;Österreich;2827613;31.77
2021-04-26T23:59:59+02:00;1;294436;Burgenland;104660;35.55
2021-04-26T23:59:59+02:00;2;561293;Kärnten;187078;33.33
2021-04-26T23:59:59+02:00;3;1684287;Niederösterreich;567780;33.71
2021-04-26T23:59:59+02:00;4;1490279;Oberösterreich;451777;30.31
2021-04-26T23:59:59+02:00;5;558410;Salzburg;158592;28.40
2021-04-26T23:59:59+02:00;6;1246395;Steiermark;354602;28.45
2021-04-26T23:59:59+02:00;7;757634;Tirol;315367;41.63
2021-04-26T23:59:59+02:00;8;397139;Vorarlberg;139442;35.11
2021-04-26T23:59:59+02:00;9;1911191;Wien;559539;29.28
2021-04-26T23:59:59+02:00;10;8901064;Österreich;2863389;32.17
2021-04-27T23:59:59+02:00;1;294436;Burgenland;107045;36.36
2021-04-27T23:59:59+02:00;2;561293;Kärnten;188727;33.62
2021-04-27T23:59:59+02:00;3;1684287;Niederösterreich;576828;34.25
2021-04-27T23:59:59+02:00;4;1490279;Oberösterreich;464248;31.15
2021-04-27T23:59:59+02:00;5;558410;Salzburg;163043;29.20
2021-04-27T23:59:59+02:00;6;1246395;Steiermark;358023;28.72
2021-04-27T23:59:59+02:00;7;757634;Tirol;321553;42.44
2021-04-27T23:59:59+02:00;8;397139;Vorarlberg;139579;35.15
2021-04-27T23:59:59+02:00;9;1911191;Wien;572095;29.93
2021-04-27T23:59:59+02:00;10;8901064;Österreich;2915962;32.76
2021-04-28T23:59:59+02:00;1;294436;Burgenland;107705;36.58
2021-04-28T23:59:59+02:00;2;561293;Kärnten;190552;33.95
2021-04-28T23:59:59+02:00;3;1684287;Niederösterreich;587632;34.89
2021-04-28T23:59:59+02:00;4;1490279;Oberösterreich;470763;31.59
2021-04-28T23:59:59+02:00;5;558410;Salzburg;168888;30.24
2021-04-28T23:59:59+02:00;6;1246395;Steiermark;375094;30.Sep
2021-04-28T23:59:59+02:00;7;757634;Tirol;323279;42.67
2021-04-28T23:59:59+02:00;8;397139;Vorarlberg;139620;35.16
2021-04-28T23:59:59+02:00;9;1911191;Wien;585648;30.64
2021-04-28T23:59:59+02:00;10;8901064;Österreich;2974177;33.41
2021-04-29T23:59:59+02:00;1;294436;Burgenland;111967;38.03
2021-04-29T23:59:59+02:00;2;561293;Kärnten;192174;34.24
2021-04-29T23:59:59+02:00;3;1684287;Niederösterreich;606839;36.03
2021-04-29T23:59:59+02:00;4;1490279;Oberösterreich;484902;32.54
2021-04-29T23:59:59+02:00;5;558410;Salzburg;174541;31.26
2021-04-29T23:59:59+02:00;6;1246395;Steiermark;388430;31.16
2021-04-29T23:59:59+02:00;7;757634;Tirol;327700;43.25
2021-04-29T23:59:59+02:00;8;397139;Vorarlberg;141657;35.67
2021-04-29T23:59:59+02:00;9;1911191;Wien;600684;31.43
2021-04-29T23:59:59+02:00;10;8901064;Österreich;3054261;34.31
2021-04-30T23:59:59+02:00;1;294436;Burgenland;113867;38.67
2021-04-30T23:59:59+02:00;2;561293;Kärnten;197387;35.17
2021-04-30T23:59:59+02:00;3;1684287;Niederösterreich;619363;36.77
2021-04-30T23:59:59+02:00;4;1490279;Oberösterreich;500172;33.56
2021-04-30T23:59:59+02:00;5;558410;Salzburg;178919;32.04
2021-04-30T23:59:59+02:00;6;1246395;Steiermark;400852;32.16
2021-04-30T23:59:59+02:00;7;757634;Tirol;338303;44.65
2021-04-30T23:59:59+02:00;8;397139;Vorarlberg;147108;37.04
2021-04-30T23:59:59+02:00;9;1911191;Wien;615582;32.21
2021-04-30T23:59:59+02:00;10;8901064;Österreich;3137333;35.25
2021-05-01T23:59:59+02:00;1;294436;Burgenland;115333;39.17
2021-05-01T23:59:59+02:00;2;561293;Kärnten;205062;36.53
2021-05-01T23:59:59+02:00;3;1684287;Niederösterreich;626435;37.19
2021-05-01T23:59:59+02:00;4;1490279;Oberösterreich;505151;33.90
2021-05-01T23:59:59+02:00;5;558410;Salzburg;179250;32.10
2021-05-01T23:59:59+02:00;6;1246395;Steiermark;401963;32.25
2021-05-01T23:59:59+02:00;7;757634;Tirol;341815;45.12
2021-05-01T23:59:59+02:00;8;397139;Vorarlberg;154616;38.93
2021-05-01T23:59:59+02:00;9;1911191;Wien;622341;32.56
2021-05-01T23:59:59+02:00;10;8901064;Österreich;3177954;35.70
2021-05-02T23:59:59+02:00;1;294436;Burgenland;115402;39.19
2021-05-02T23:59:59+02:00;2;561293;Kärnten;212607;37.88
2021-05-02T23:59:59+02:00;3;1684287;Niederösterreich;628086;37.29
2021-05-02T23:59:59+02:00;4;1490279;Oberösterreich;505188;33.90
2021-05-02T23:59:59+02:00;5;558410;Salzburg;179283;32.11
2021-05-02T23:59:59+02:00;6;1246395;Steiermark;402054;32.26
2021-05-02T23:59:59+02:00;7;757634;Tirol;341827;45.12
2021-05-02T23:59:59+02:00;8;397139;Vorarlberg;155130;39.06
2021-05-02T23:59:59+02:00;9;1911191;Wien;628600;32.89
2021-05-02T23:59:59+02:00;10;8901064;Österreich;3194219;35.89
2021-05-03T23:59:59+02:00;1;294436;Burgenland;115653;39.28
2021-05-03T23:59:59+02:00;2;561293;Kärnten;212816;37.92
2021-05-03T23:59:59+02:00;3;1684287;Niederösterreich;634549;37.67
2021-05-03T23:59:59+02:00;4;1490279;Oberösterreich;513356;34.45
2021-05-03T23:59:59+02:00;5;558410;Salzburg;180673;32.35
2021-05-03T23:59:59+02:00;6;1246395;Steiermark;405025;32.50
2021-05-03T23:59:59+02:00;7;757634;Tirol;342969;45.27
2021-05-03T23:59:59+02:00;8;397139;Vorarlberg;155494;39.15
2021-05-03T23:59:59+02:00;9;1911191;Wien;638567;33.41
2021-05-03T23:59:59+02:00;10;8901064;Österreich;3225441;36.24
2021-05-04T23:59:59+02:00;1;294436;Burgenland;118318;40.18
2021-05-04T23:59:59+02:00;2;561293;Kärnten;215466;38.39
2021-05-04T23:59:59+02:00;3;1684287;Niederösterreich;646633;38.39
2021-05-04T23:59:59+02:00;4;1490279;Oberösterreich;528397;35.46
2021-05-04T23:59:59+02:00;5;558410;Salzburg;186314;33.37
2021-05-04T23:59:59+02:00;6;1246395;Steiermark;412112;33.06
2021-05-04T23:59:59+02:00;7;757634;Tirol;346244;45.70
2021-05-04T23:59:59+02:00;8;397139;Vorarlberg;155751;39.22
2021-05-04T23:59:59+02:00;9;1911191;Wien;651190;34.07
2021-05-04T23:59:59+02:00;10;8901064;Österreich;3287176;36.93
2021-05-05T23:59:59+02:00;1;294436;Burgenland;120158;40.81
2021-05-05T23:59:59+02:00;2;561293;Kärnten;217873;38.82
2021-05-05T23:59:59+02:00;3;1684287;Niederösterreich;659991;39.19
2021-05-05T23:59:59+02:00;4;1490279;Oberösterreich;544446;36.53
2021-05-05T23:59:59+02:00;5;558410;Salzburg;193276;34.61
2021-05-05T23:59:59+02:00;6;1246395;Steiermark;429257;34.44
2021-05-05T23:59:59+02:00;7;757634;Tirol;347758;45.90
2021-05-05T23:59:59+02:00;8;397139;Vorarlberg;155153;39.07
2021-05-05T23:59:59+02:00;9;1911191;Wien;661561;34.62
2021-05-05T23:59:59+02:00;10;8901064;Österreich;3362892;37.78
2021-05-06T23:59:59+02:00;1;294436;Burgenland;124413;42.25
2021-05-06T23:59:59+02:00;2;561293;Kärnten;220889;39.35
2021-05-06T23:59:59+02:00;3;1684287;Niederösterreich;682340;40.51
2021-05-06T23:59:59+02:00;4;1490279;Oberösterreich;563591;37.82
2021-05-06T23:59:59+02:00;5;558410;Salzburg;200747;35.95
2021-05-06T23:59:59+02:00;6;1246395;Steiermark;445017;35.70
2021-05-06T23:59:59+02:00;7;757634;Tirol;353927;46.71
2021-05-06T23:59:59+02:00;8;397139;Vorarlberg;159157;40.08
2021-05-06T23:59:59+02:00;9;1911191;Wien;676292;35.39
2021-05-06T23:59:59+02:00;10;8901064;Österreich;3460357;38.88
2021-05-07T23:59:59+02:00;1;294436;Burgenland;128463;43.63
2021-05-07T23:59:59+02:00;2;561293;Kärnten;227372;40.51
2021-05-07T23:59:59+02:00;3;1684287;Niederösterreich;702805;41.73
2021-05-07T23:59:59+02:00;4;1490279;Oberösterreich;579946;38.92
2021-05-07T23:59:59+02:00;5;558410;Salzburg;208088;37.26
2021-05-07T23:59:59+02:00;6;1246395;Steiermark;458673;36.80
2021-05-07T23:59:59+02:00;7;757634;Tirol;363415;47.97
2021-05-07T23:59:59+02:00;8;397139;Vorarlberg;164706;41.47
2021-05-07T23:59:59+02:00;9;1911191;Wien;691455;36.18
2021-05-07T23:59:59+02:00;10;8901064;Österreich;3559674;39.99
2021-05-08T23:59:59+02:00;1;294436;Burgenland;130404;44.29
2021-05-08T23:59:59+02:00;2;561293;Kärnten;235055;41.88
2021-05-08T23:59:59+02:00;3;1684287;Niederösterreich;712777;42.32
2021-05-08T23:59:59+02:00;4;1490279;Oberösterreich;583679;39.17
2021-05-08T23:59:59+02:00;5;558410;Salzburg;211434;37.86
2021-05-08T23:59:59+02:00;6;1246395;Steiermark;463665;37.20
2021-05-08T23:59:59+02:00;7;757634;Tirol;365860;48.29
2021-05-08T23:59:59+02:00;8;397139;Vorarlberg;172119;43.34
2021-05-08T23:59:59+02:00;9;1911191;Wien;702426;36.75
2021-05-08T23:59:59+02:00;10;8901064;Österreich;3612674;40.59
2021-05-09T23:59:59+02:00;1;294436;Burgenland;130564;44.34
2021-05-09T23:59:59+02:00;2;561293;Kärnten;241267;42.98
2021-05-09T23:59:59+02:00;3;1684287;Niederösterreich;716921;42.57
2021-05-09T23:59:59+02:00;4;1490279;Oberösterreich;583829;39.18
2021-05-09T23:59:59+02:00;5;558410;Salzburg;211501;37.88
2021-05-09T23:59:59+02:00;6;1246395;Steiermark;463981;37.23
2021-05-09T23:59:59+02:00;7;757634;Tirol;365907;48.30
2021-05-09T23:59:59+02:00;8;397139;Vorarlberg;174143;43.85
2021-05-09T23:59:59+02:00;9;1911191;Wien;709323;37.11
2021-05-09T23:59:59+02:00;10;8901064;Österreich;3632879;40.81
2021-05-10T23:59:59+02:00;1;294436;Burgenland;131197;44.56
2021-05-10T23:59:59+02:00;2;561293;Kärnten;242138;43.14
2021-05-10T23:59:59+02:00;3;1684287;Niederösterreich;725769;43.09
2021-05-10T23:59:59+02:00;4;1490279;Oberösterreich;589730;39.57
2021-05-10T23:59:59+02:00;5;558410;Salzburg;215467;38.59
2021-05-10T23:59:59+02:00;6;1246395;Steiermark;471021;37.79
2021-05-10T23:59:59+02:00;7;757634;Tirol;369634;48.79
2021-05-10T23:59:59+02:00;8;397139;Vorarlberg;174615;43.97
2021-05-10T23:59:59+02:00;9;1911191;Wien;722173;37.79
2021-05-10T23:59:59+02:00;10;8901064;Österreich;3677618;41.32
2021-05-11T23:59:59+02:00;1;294436;Burgenland;133167;45.23
2021-05-11T23:59:59+02:00;2;561293;Kärnten;246002;43.83
2021-05-11T23:59:59+02:00;3;1684287;Niederösterreich;738471;43.84
2021-05-11T23:59:59+02:00;4;1490279;Oberösterreich;601327;40.35
2021-05-11T23:59:59+02:00;5;558410;Salzburg;224668;40.23
2021-05-11T23:59:59+02:00;6;1246395;Steiermark;478664;38.40
2021-05-11T23:59:59+02:00;7;757634;Tirol;375355;49.54
2021-05-11T23:59:59+02:00;8;397139;Vorarlberg;174686;43.99
2021-05-11T23:59:59+02:00;9;1911191;Wien;735500;38.48
2021-05-11T23:59:59+02:00;10;8901064;Österreich;3744269;42.07
2021-05-12T23:59:59+02:00;1;294436;Burgenland;135248;45.93
2021-05-12T23:59:59+02:00;2;561293;Kärnten;248892;44.34
2021-05-12T23:59:59+02:00;3;1684287;Niederösterreich;756839;44.94
2021-05-12T23:59:59+02:00;4;1490279;Oberösterreich;619149;41.55
2021-05-12T23:59:59+02:00;5;558410;Salzburg;236356;42.33
2021-05-12T23:59:59+02:00;6;1246395;Steiermark;499066;40.04
2021-05-12T23:59:59+02:00;7;757634;Tirol;381085;50.30
2021-05-12T23:59:59+02:00;8;397139;Vorarlberg;177134;44.60
2021-05-12T23:59:59+02:00;9;1911191;Wien;750982;39.29
2021-05-12T23:59:59+02:00;10;8901064;Österreich;3842006;43.16
2021-05-13T23:59:59+02:00;1;294436;Burgenland;135535;46.03
2021-05-13T23:59:59+02:00;2;561293;Kärnten;250012;44.54
2021-05-13T23:59:59+02:00;3;1684287;Niederösterreich;770731;45.76
2021-05-13T23:59:59+02:00;4;1490279;Oberösterreich;623288;41.82
2021-05-13T23:59:59+02:00;5;558410;Salzburg;237538;42.54
2021-05-13T23:59:59+02:00;6;1246395;Steiermark;505322;40.54
2021-05-13T23:59:59+02:00;7;757634;Tirol;386834;51.06
2021-05-13T23:59:59+02:00;8;397139;Vorarlberg;177153;44.61
2021-05-13T23:59:59+02:00;9;1911191;Wien;756495;39.58
2021-05-13T23:59:59+02:00;10;8901064;Österreich;3880377;43.59
2021-05-14T23:59:59+02:00;1;294436;Burgenland;139697;47.45
2021-05-14T23:59:59+02:00;2;561293;Kärnten;256073;45.62
2021-05-14T23:59:59+02:00;3;1684287;Niederösterreich;789736;46.89
2021-05-14T23:59:59+02:00;4;1490279;Oberösterreich;638644;42.85
2021-05-14T23:59:59+02:00;5;558410;Salzburg;242777;43.48
2021-05-14T23:59:59+02:00;6;1246395;Steiermark;513885;41.23
2021-05-14T23:59:59+02:00;7;757634;Tirol;396818;52.38
2021-05-14T23:59:59+02:00;8;397139;Vorarlberg;182547;45.97
2021-05-14T23:59:59+02:00;9;1911191;Wien;770881;40.34
2021-05-14T23:59:59+02:00;10;8901064;Österreich;3969265;44.59
2021-05-15T23:59:59+02:00;1;294436;Burgenland;143181;48.63
2021-05-15T23:59:59+02:00;2;561293;Kärnten;263479;46.94
2021-05-15T23:59:59+02:00;3;1684287;Niederösterreich;804069;47.74
2021-05-15T23:59:59+02:00;4;1490279;Oberösterreich;643403;43.17
2021-05-15T23:59:59+02:00;5;558410;Salzburg;244337;43.76
2021-05-15T23:59:59+02:00;6;1246395;Steiermark;518604;41.61
2021-05-15T23:59:59+02:00;7;757634;Tirol;400488;52.86
2021-05-15T23:59:59+02:00;8;397139;Vorarlberg;189271;47.66
2021-05-15T23:59:59+02:00;9;1911191;Wien;782170;40.93
2021-05-15T23:59:59+02:00;10;8901064;Österreich;4027734;45.25
2021-05-16T23:59:59+02:00;1;294436;Burgenland;146007;49.59
2021-05-16T23:59:59+02:00;2;561293;Kärnten;270146;48.13
2021-05-16T23:59:59+02:00;3;1684287;Niederösterreich;808624;48.01
2021-05-16T23:59:59+02:00;4;1490279;Oberösterreich;643574;43.18
2021-05-16T23:59:59+02:00;5;558410;Salzburg;244613;43.81
2021-05-16T23:59:59+02:00;6;1246395;Steiermark;519489;41.68
2021-05-16T23:59:59+02:00;7;757634;Tirol;402384;53.11
2021-05-16T23:59:59+02:00;8;397139;Vorarlberg;193451;48.71
2021-05-16T23:59:59+02:00;9;1911191;Wien;789059;41.29
2021-05-16T23:59:59+02:00;10;8901064;Österreich;4056335;45.57
2021-05-17T23:59:59+02:00;1;294436;Burgenland;147155;49.98
2021-05-17T23:59:59+02:00;2;561293;Kärnten;271225;48.32
2021-05-17T23:59:59+02:00;3;1684287;Niederösterreich;816382;48.47
2021-05-17T23:59:59+02:00;4;1490279;Oberösterreich;652931;43.81
2021-05-17T23:59:59+02:00;5;558410;Salzburg;247453;44.31
2021-05-17T23:59:59+02:00;6;1246395;Steiermark;527844;42.35
2021-05-17T23:59:59+02:00;7;757634;Tirol;405525;53.53
2021-05-17T23:59:59+02:00;8;397139;Vorarlberg;194027;48.86
2021-05-17T23:59:59+02:00;9;1911191;Wien;804278;42.08
2021-05-17T23:59:59+02:00;10;8901064;Österreich;4106296;46.13
2021-05-18T23:59:59+02:00;1;294436;Burgenland;150356;51.07
2021-05-18T23:59:59+02:00;2;561293;Kärnten;273131;48.66
2021-05-18T23:59:59+02:00;3;1684287;Niederösterreich;826214;49.05
2021-05-18T23:59:59+02:00;4;1490279;Oberösterreich;672751;45.14
2021-05-18T23:59:59+02:00;5;558410;Salzburg;255287;45.72
2021-05-18T23:59:59+02:00;6;1246395;Steiermark;533862;42.83
2021-05-18T23:59:59+02:00;7;757634;Tirol;410193;54.14
2021-05-18T23:59:59+02:00;8;397139;Vorarlberg;194285;48.92
2021-05-18T23:59:59+02:00;9;1911191;Wien;821923;43.01
2021-05-18T23:59:59+02:00;10;8901064;Österreich;4178215;46.94
2021-05-19T23:59:59+02:00;1;294436;Burgenland;153318;52.07
2021-05-19T23:59:59+02:00;2;561293;Kärnten;276146;49.20
2021-05-19T23:59:59+02:00;3;1684287;Niederösterreich;838253;49.77
2021-05-19T23:59:59+02:00;4;1490279;Oberösterreich;697359;46.79
2021-05-19T23:59:59+02:00;5;558410;Salzburg;265074;47.47
2021-05-19T23:59:59+02:00;6;1246395;Steiermark;556215;44.63
2021-05-19T23:59:59+02:00;7;757634;Tirol;418824;55.28
2021-05-19T23:59:59+02:00;8;397139;Vorarlberg;196841;49.56
2021-05-19T23:59:59+02:00;9;1911191;Wien;841282;44.02
2021-05-19T23:59:59+02:00;10;8901064;Österreich;4284584;48.14
2021-05-20T23:59:59+02:00;1;294436;Burgenland;156689;53.22
2021-05-20T23:59:59+02:00;2;561293;Kärnten;280572;49.99
2021-05-20T23:59:59+02:00;3;1684287;Niederösterreich;853288;50.66
2021-05-20T23:59:59+02:00;4;1490279;Oberösterreich;721963;48.44
2021-05-20T23:59:59+02:00;5;558410;Salzburg;272692;48.83
2021-05-20T23:59:59+02:00;6;1246395;Steiermark;575240;46.15
2021-05-20T23:59:59+02:00;7;757634;Tirol;428778;56.59
2021-05-20T23:59:59+02:00;8;397139;Vorarlberg;201712;50.79
2021-05-20T23:59:59+02:00;9;1911191;Wien;860429;45.02
2021-05-20T23:59:59+02:00;10;8901064;Österreich;4393804;49.36
2021-05-21T23:59:59+02:00;1;294436;Burgenland;158939;53.98
2021-05-21T23:59:59+02:00;2;561293;Kärnten;285484;50.86
2021-05-21T23:59:59+02:00;3;1684287;Niederösterreich;871602;51.75
2021-05-21T23:59:59+02:00;4;1490279;Oberösterreich;743187;49.87
2021-05-21T23:59:59+02:00;5;558410;Salzburg;279589;50.07
2021-05-21T23:59:59+02:00;6;1246395;Steiermark;594107;47.67
2021-05-21T23:59:59+02:00;7;757634;Tirol;439225;57.97
2021-05-21T23:59:59+02:00;8;397139;Vorarlberg;206246;51.93
2021-05-21T23:59:59+02:00;9;1911191;Wien;881389;46.12
2021-05-21T23:59:59+02:00;10;8901064;Österreich;4503352;50.59
2021-05-22T23:59:59+02:00;1;294436;Burgenland;164439;55.85
2021-05-22T23:59:59+02:00;2;561293;Kärnten;292539;52.12
2021-05-22T23:59:59+02:00;3;1684287;Niederösterreich;883982;52.48
2021-05-22T23:59:59+02:00;4;1490279;Oberösterreich;746906;50.12
2021-05-22T23:59:59+02:00;5;558410;Salzburg;280561;50.24
2021-05-22T23:59:59+02:00;6;1246395;Steiermark;600217;48.16
2021-05-22T23:59:59+02:00;7;757634;Tirol;440611;58.16
2021-05-22T23:59:59+02:00;8;397139;Vorarlberg;212562;53.52
2021-05-22T23:59:59+02:00;9;1911191;Wien;894697;46.81
2021-05-22T23:59:59+02:00;10;8901064;Österreich;4560634;51.24
2021-05-23T23:59:59+02:00;1;294436;Burgenland;165978;56.37
2021-05-23T23:59:59+02:00;2;561293;Kärnten;298241;53.13
2021-05-23T23:59:59+02:00;3;1684287;Niederösterreich;894523;53.11
2021-05-23T23:59:59+02:00;4;1490279;Oberösterreich;747068;50.13
2021-05-23T23:59:59+02:00;5;558410;Salzburg;280623;50.25
2021-05-23T23:59:59+02:00;6;1246395;Steiermark;601018;48.22
2021-05-23T23:59:59+02:00;7;757634;Tirol;440755;58.18
2021-05-23T23:59:59+02:00;8;397139;Vorarlberg;216001;54.39
2021-05-23T23:59:59+02:00;9;1911191;Wien;904200;47.31
2021-05-23T23:59:59+02:00;10;8901064;Österreich;4592818;51.60
2021-05-24T23:59:59+02:00;1;294436;Burgenland;168955;57.38
2021-05-24T23:59:59+02:00;2;561293;Kärnten;298491;53.18
2021-05-24T23:59:59+02:00;3;1684287;Niederösterreich;898102;53.32
2021-05-24T23:59:59+02:00;4;1490279;Oberösterreich;749313;50.28
2021-05-24T23:59:59+02:00;5;558410;Salzburg;281133;50.35
2021-05-24T23:59:59+02:00;6;1246395;Steiermark;606663;48.67
2021-05-24T23:59:59+02:00;7;757634;Tirol;443655;58.56
2021-05-24T23:59:59+02:00;8;397139;Vorarlberg;216568;54.53
2021-05-24T23:59:59+02:00;9;1911191;Wien;916224;47.94
2021-05-24T23:59:59+02:00;10;8901064;Österreich;4623795;51.95
2021-05-25T23:59:59+02:00;1;294436;Burgenland;171017;58.08
2021-05-25T23:59:59+02:00;2;561293;Kärnten;301864;53.78
2021-05-25T23:59:59+02:00;3;1684287;Niederösterreich;913696;54.25
2021-05-25T23:59:59+02:00;4;1490279;Oberösterreich;752173;50.47
2021-05-25T23:59:59+02:00;5;558410;Salzburg;284799;51.00
2021-05-25T23:59:59+02:00;6;1246395;Steiermark;612069;49.11
2021-05-25T23:59:59+02:00;7;757634;Tirol;444742;58.70
2021-05-25T23:59:59+02:00;8;397139;Vorarlberg;216752;54.58
2021-05-25T23:59:59+02:00;9;1911191;Wien;930833;48.70
2021-05-25T23:59:59+02:00;10;8901064;Österreich;4673176;52.50
2021-05-26T23:59:59+02:00;1;294436;Burgenland;172850;58.71
2021-05-26T23:59:59+02:00;2;561293;Kärnten;306407;54.59
2021-05-26T23:59:59+02:00;3;1684287;Niederösterreich;931039;55.28
2021-05-26T23:59:59+02:00;4;1490279;Oberösterreich;767361;51.49
2021-05-26T23:59:59+02:00;5;558410;Salzburg;293859;52.62
2021-05-26T23:59:59+02:00;6;1246395;Steiermark;630348;50.57
2021-05-26T23:59:59+02:00;7;757634;Tirol;451816;59.64
2021-05-26T23:59:59+02:00;8;397139;Vorarlberg;218976;55.14
2021-05-26T23:59:59+02:00;9;1911191;Wien;949224;49.67
2021-05-26T23:59:59+02:00;10;8901064;Österreich;4768046;53.57
2021-05-27T23:59:59+02:00;1;294436;Burgenland;180518;61.31
2021-05-27T23:59:59+02:00;2;561293;Kärnten;309993;55.23
2021-05-27T23:59:59+02:00;3;1684287;Niederösterreich;943601;56.02
2021-05-27T23:59:59+02:00;4;1490279;Oberösterreich;781810;52.46
2021-05-27T23:59:59+02:00;5;558410;Salzburg;302987;54.26
2021-05-27T23:59:59+02:00;6;1246395;Steiermark;647635;51.96
2021-05-27T23:59:59+02:00;7;757634;Tirol;461002;60.85
2021-05-27T23:59:59+02:00;8;397139;Vorarlberg;221902;55.88
2021-05-27T23:59:59+02:00;9;1911191;Wien;968416;50.67
2021-05-27T23:59:59+02:00;10;8901064;Österreich;4865100;54.66
2021-05-28T23:59:59+02:00;1;294436;Burgenland;183331;62.27
2021-05-28T23:59:59+02:00;2;561293;Kärnten;316774;56.44
2021-05-28T23:59:59+02:00;3;1684287;Niederösterreich;968083;57.48
2021-05-28T23:59:59+02:00;4;1490279;Oberösterreich;805582;54.06
2021-05-28T23:59:59+02:00;5;558410;Salzburg;311229;55.73
2021-05-28T23:59:59+02:00;6;1246395;Steiermark;663707;53.25
2021-05-28T23:59:59+02:00;7;757634;Tirol;469159;61.92
2021-05-28T23:59:59+02:00;8;397139;Vorarlberg;226365;57.00
2021-05-28T23:59:59+02:00;9;1911191;Wien;988138;51.70
2021-05-28T23:59:59+02:00;10;8901064;Österreich;4980906;55.96
2021-05-29T23:59:59+02:00;1;294436;Burgenland;188019;63.86
2021-05-29T23:59:59+02:00;2;561293;Kärnten;326215;58.12
2021-05-29T23:59:59+02:00;3;1684287;Niederösterreich;982632;58.34
2021-05-29T23:59:59+02:00;4;1490279;Oberösterreich;809455;54.32
2021-05-29T23:59:59+02:00;5;558410;Salzburg;311625;55.81
2021-05-29T23:59:59+02:00;6;1246395;Steiermark;671928;53.91
2021-05-29T23:59:59+02:00;7;757634;Tirol;473184;62.46
2021-05-29T23:59:59+02:00;8;397139;Vorarlberg;234226;58.98
2021-05-29T23:59:59+02:00;9;1911191;Wien;1001930;52.42
2021-05-29T23:59:59+02:00;10;8901064;Österreich;5048239;56.72
2021-05-30T23:59:59+02:00;1;294436;Burgenland;190907;64.84
2021-05-30T23:59:59+02:00;2;561293;Kärnten;333544;59.42
2021-05-30T23:59:59+02:00;3;1684287;Niederösterreich;993787;59.00
2021-05-30T23:59:59+02:00;4;1490279;Oberösterreich;809683;54.33
2021-05-30T23:59:59+02:00;5;558410;Salzburg;311662;55.81
2021-05-30T23:59:59+02:00;6;1246395;Steiermark;673300;54.02
2021-05-30T23:59:59+02:00;7;757634;Tirol;473817;62.54
2021-05-30T23:59:59+02:00;8;397139;Vorarlberg;237686;59.85
2021-05-30T23:59:59+02:00;9;1911191;Wien;1011942;52.95
2021-05-30T23:59:59+02:00;10;8901064;Österreich;5085654;57.14
2021-05-31T23:59:59+02:00;1;294436;Burgenland;191963;65.20
2021-05-31T23:59:59+02:00;2;561293;Kärnten;334836;59.65
2021-05-31T23:59:59+02:00;3;1684287;Niederösterreich;1003267;59.57
2021-05-31T23:59:59+02:00;4;1490279;Oberösterreich;816880;54.81
2021-05-31T23:59:59+02:00;5;558410;Salzburg;314714;56.36
2021-05-31T23:59:59+02:00;6;1246395;Steiermark;676986;54.32
2021-05-31T23:59:59+02:00;7;757634;Tirol;476645;62.91
2021-05-31T23:59:59+02:00;8;397139;Vorarlberg;237784;59.87
2021-05-31T23:59:59+02:00;9;1911191;Wien;1029317;53.86
2021-05-31T23:59:59+02:00;10;8901064;Österreich;5132295;57.66
2021-06-01T23:59:59+02:00;1;294436;Burgenland;194298;65.99
2021-06-01T23:59:59+02:00;2;561293;Kärnten;337270;60.09
2021-06-01T23:59:59+02:00;3;1684287;Niederösterreich;1024919;60.85
2021-06-01T23:59:59+02:00;4;1490279;Oberösterreich;835122;56.04
2021-06-01T23:59:59+02:00;5;558410;Salzburg;324347;58.08
2021-06-01T23:59:59+02:00;6;1246395;Steiermark;684393;54.91
2021-06-01T23:59:59+02:00;7;757634;Tirol;483528;63.82
2021-06-01T23:59:59+02:00;8;397139;Vorarlberg;238215;59.98
2021-06-01T23:59:59+02:00;9;1911191;Wien;1049348;54.91
2021-06-01T23:59:59+02:00;10;8901064;Österreich;5222283;58.67
2021-06-02T23:59:59+02:00;1;294436;Burgenland;196587;66.77
2021-06-02T23:59:59+02:00;2;561293;Kärnten;342440;61.01
2021-06-02T23:59:59+02:00;3;1684287;Niederösterreich;1051348;62.42
2021-06-02T23:59:59+02:00;4;1490279;Oberösterreich;865326;58.06
2021-06-02T23:59:59+02:00;5;558410;Salzburg;337190;60.38
2021-06-02T23:59:59+02:00;6;1246395;Steiermark;714791;57.35
2021-06-02T23:59:59+02:00;7;757634;Tirol;489980;64.67
2021-06-02T23:59:59+02:00;8;397139;Vorarlberg;241391;60.78
2021-06-02T23:59:59+02:00;9;1911191;Wien;1072693;56.13
2021-06-02T23:59:59+02:00;10;8901064;Österreich;5364023;60.26
2021-06-03T23:59:59+02:00;1;294436;Burgenland;198655;67.47
2021-06-03T23:59:59+02:00;2;561293;Kärnten;344678;61.41
2021-06-03T23:59:59+02:00;3;1684287;Niederösterreich;1066236;63.30
2021-06-03T23:59:59+02:00;4;1490279;Oberösterreich;876369;58.81
2021-06-03T23:59:59+02:00;5;558410;Salzburg;337958;60.52
2021-06-03T23:59:59+02:00;6;1246395;Steiermark;719037;57.69
2021-06-03T23:59:59+02:00;7;757634;Tirol;494088;65.21
2021-06-03T23:59:59+02:00;8;397139;Vorarlberg;242190;60.98
2021-06-03T23:59:59+02:00;9;1911191;Wien;1087527;56.90
2021-06-03T23:59:59+02:00;10;8901064;Österreich;5419428;60.89
2021-06-04T23:59:59+02:00;1;294436;Burgenland;203880;69.24
2021-06-04T23:59:59+02:00;2;561293;Kärnten;352193;62.75
2021-06-04T23:59:59+02:00;3;1684287;Niederösterreich;1087329;64.56
2021-06-04T23:59:59+02:00;4;1490279;Oberösterreich;893616;59.96
2021-06-04T23:59:59+02:00;5;558410;Salzburg;342692;61.37
2021-06-04T23:59:59+02:00;6;1246395;Steiermark;735666;59.02
2021-06-04T23:59:59+02:00;7;757634;Tirol;505032;66.66
2021-06-04T23:59:59+02:00;8;397139;Vorarlberg;248978;62.69
2021-06-04T23:59:59+02:00;9;1911191;Wien;1107106;57.93
2021-06-04T23:59:59+02:00;10;8901064;Österreich;5530539;62.13
2021-06-05T23:59:59+02:00;1;294436;Burgenland;205843;69.91
2021-06-05T23:59:59+02:00;2;561293;Kärnten;359928;64.12
2021-06-05T23:59:59+02:00;3;1684287;Niederösterreich;1101261;65.38
2021-06-05T23:59:59+02:00;4;1490279;Oberösterreich;897335;60.21
2021-06-05T23:59:59+02:00;5;558410;Salzburg;343351;61.49
2021-06-05T23:59:59+02:00;6;1246395;Steiermark;740634;59.42
2021-06-05T23:59:59+02:00;7;757634;Tirol;508634;67.13
2021-06-05T23:59:59+02:00;8;397139;Vorarlberg;256152;64.50
2021-06-05T23:59:59+02:00;9;1911191;Wien;1122324;58.72
2021-06-05T23:59:59+02:00;10;8901064;Österreich;5590013;62.80
